Original Part,Alternative Part,Similarity Score
A1,A253,0.894
A1,A254,0.8721
A1,A3,0.8676
A1,A92,0.8239
A1,A97,0.8197
A2,A4,0.9477
A2,A16,0.8632
A2,A15,0.8585
A2,A10,0.8409
A2,A99,0.8113
A3,A246,0.8986
A3,A81,0.8946
A3,A93,0.8768
A3,A1,0.8676
A3,A247,0.8627
A4,A2,0.9477
A4,A16,0.8588
A4,A15,0.8529
A4,A10,0.8342
A4,A99,0.8069
A5,A6,0.9637
A5,A267,0.8978
A5,A57,0.8039
A5,A3,0.8027
A5,A1,0.8016
A6,A5,0.9637
A6,A267,0.9166
A6,A57,0.808
A6,A255,0.8032
A6,A56,0.7884
A7,A115,0.8694
A7,A82,0.8052
A7,A23,0.7977
A7,A114,0.767
A7,A22,0.765
A8,A21,0.8438
A8,A18,0.7557
A8,A966,0.4985
A8,A103,0.4765
A8,A240,0.4728
A9,A26,0.9136
A9,A24,0.8903
A9,A13,0.8845
A9,A14,0.8531
A9,A37,0.8528
A10,A16,0.9114
A10,A15,0.9079
A10,A99,0.844
A10,A2,0.8409
A10,A4,0.8342
A11,A34,0.8457
A11,A32,0.7939
A11,A107,0.7825
A11,A37,0.78
A11,A26,0.7732
A12,A111,0.7999
A12,A10,0.7672
A12,A91,0.7535
A12,A36,0.7451
A12,A13,0.7434
A13,A37,0.8993
A13,A14,0.8935
A13,A9,0.8845
A13,A35,0.8728
A13,A17,0.8642
A14,A40,0.9049
A14,A13,0.8935
A14,A38,0.8811
A14,A9,0.8531
A14,A324,0.8373
A15,A16,0.9671
A15,A10,0.9079
A15,A99,0.8867
A15,A2,0.8585
A15,A4,0.8529
A16,A15,0.9671
A16,A10,0.9114
A16,A2,0.8632
A16,A4,0.8588
A16,A99,0.8517
A17,A49,0.9059
A17,A47,0.8849
A17,A241,0.8753
A17,A13,0.8642
A17,A19,0.8408
A18,A21,0.8432
A18,A8,0.7557
A18,A103,0.6156
A18,A240,0.6078
A18,A238,0.6018
A19,A52,0.9105
A19,A50,0.8858
A19,A17,0.8408
A19,A3,0.8359
A19,A55,0.8259
A20,A59,0.897
A20,A60,0.897
A20,A58,0.8787
A20,A112,0.8561
A20,A9,0.8338
A21,A8,0.8438
A21,A18,0.8432
A21,A240,0.6081
A21,A103,0.5814
A21,A238,0.5811
A22,A82,0.8768
A22,A23,0.8614
A22,A110,0.8502
A22,A114,0.8427
A22,A100,0.8367
A23,A22,0.8614
A23,A112,0.859
A23,A20,0.8272
A23,A114,0.8249
A23,A115,0.8046
A24,A26,0.9509
A24,A35,0.9335
A24,A32,0.9303
A24,A27,0.919
A24,A30,0.9132
A25,A36,0.9571
A25,A33,0.9503
A25,A28,0.9463
A25,A39,0.9368
A25,A45,0.8805
A26,A24,0.9509
A26,A37,0.9277
A26,A34,0.9229
A26,A9,0.9136
A26,A29,0.9122
A27,A29,0.9502
A27,A35,0.9404
A27,A30,0.9237
A27,A32,0.9198
A27,A24,0.919
A28,A36,0.9557
A28,A25,0.9463
A28,A33,0.9458
A28,A39,0.9361
A28,A45,0.8785
A29,A27,0.9502
A29,A37,0.9335
A29,A31,0.9154
A29,A34,0.9127
A29,A26,0.9122
A30,A31,0.9524
A30,A35,0.9343
A30,A27,0.9237
A30,A32,0.9146
A30,A24,0.9132
A31,A30,0.9524
A31,A37,0.9269
A31,A29,0.9154
A31,A34,0.907
A31,A26,0.906
A32,A34,0.9479
A32,A35,0.9393
A32,A24,0.9303
A32,A27,0.9198
A32,A30,0.9146
A33,A36,0.9581
A33,A25,0.9503
A33,A28,0.9458
A33,A39,0.9368
A33,A45,0.8803
A34,A32,0.9479
A34,A37,0.9334
A34,A26,0.9229
A34,A29,0.9127
A34,A31,0.907
A35,A37,0.9466
A35,A44,0.9449
A35,A27,0.9404
A35,A32,0.9393
A35,A30,0.9343
A36,A33,0.9581
A36,A25,0.9571
A36,A28,0.9557
A36,A39,0.9471
A36,A45,0.9195
A37,A35,0.9466
A37,A46,0.9398
A37,A29,0.9335
A37,A34,0.9334
A37,A26,0.9277
A38,A40,0.9529
A38,A35,0.9273
A38,A27,0.9145
A38,A32,0.9096
A38,A30,0.9086
A39,A36,0.9471
A39,A25,0.9368
A39,A33,0.9368
A39,A28,0.9361
A39,A45,0.872
A40,A38,0.9529
A40,A37,0.9193
A40,A29,0.9054
A40,A14,0.9049
A40,A34,0.9012
A41,A42,0.9485
A41,A43,0.9485
A41,A44,0.9356
A41,A47,0.9216
A41,A35,0.8932
A42,A43,1.0
A42,A41,0.9485
A42,A46,0.9287
A42,A49,0.9141
A42,A37,0.8827
A43,A43,1.0
A43,A41,0.9485
A43,A46,0.9287
A43,A49,0.9141
A43,A37,0.8827
A44,A35,0.9449
A44,A46,0.944
A44,A41,0.9356
A44,A47,0.9328
A44,A50,0.8988
A45,A48,0.9553
A45,A36,0.9195
A45,A51,0.8963
A45,A54,0.8938
A45,A25,0.8805
A46,A44,0.944
A46,A37,0.9398
A46,A42,0.9287
A46,A43,0.9287
A46,A49,0.9265
A47,A49,0.9488
A47,A44,0.9328
A47,A41,0.9216
A47,A35,0.8948
A47,A17,0.8849
A48,A45,0.9553
A48,A51,0.8868
A48,A54,0.8848
A48,A36,0.8843
A48,A25,0.877
A49,A47,0.9488
A49,A46,0.9265
A49,A42,0.9141
A49,A43,0.9141
A49,A17,0.9059
A50,A52,0.9486
A50,A53,0.9178
A50,A44,0.8988
A50,A41,0.8864
A50,A19,0.8858
A51,A54,0.9445
A51,A45,0.8963
A51,A48,0.8868
A51,A36,0.8502
A51,A25,0.8431
A52,A50,0.9486
A52,A19,0.9105
A52,A55,0.9093
A52,A46,0.8874
A52,A42,0.8756
A53,A55,0.9502
A53,A50,0.9178
A53,A44,0.8974
A53,A41,0.8844
A53,A47,0.8834
A54,A51,0.9445
A54,A45,0.8938
A54,A48,0.8848
A54,A36,0.8469
A54,A25,0.8405
A55,A53,0.9502
A55,A52,0.9093
A55,A46,0.8855
A55,A42,0.873
A55,A43,0.873
A56,A57,0.9578
A56,A58,0.8731
A56,A44,0.8695
A56,A35,0.8682
A56,A47,0.8393
A57,A56,0.9578
A57,A59,0.8634
A57,A60,0.8634
A57,A46,0.8577
A57,A37,0.8555
A58,A59,0.9511
A58,A60,0.9511
A58,A20,0.8787
A58,A56,0.8731
A58,A44,0.8621
A59,A60,1.0
A59,A58,0.9511
A59,A20,0.897
A59,A57,0.8634
A59,A46,0.8478
A60,A60,1.0
A60,A58,0.9511
A60,A20,0.897
A60,A57,0.8634
A60,A46,0.8478
A61,A62,0.8924
A61,A357,0.7508
A61,A378,0.7096
A61,A284,0.7088
A61,A281,0.7064
A62,A61,0.8924
A62,A358,0.7483
A62,A280,0.7107
A62,A279,0.7086
A62,A380,0.706
A63,A66,0.9195
A63,A67,0.7434
A63,A69,0.6711
A63,A71,0.6494
A63,A70,0.6315
A64,A65,1.0
A64,A66,0.6281
A64,A69,0.6019
A64,A63,0.5981
A64,A71,0.5892
A65,A65,1.0
A65,A66,0.6281
A65,A69,0.6019
A65,A63,0.5981
A65,A71,0.5892
A66,A63,0.9195
A66,A67,0.7843
A66,A69,0.6772
A66,A64,0.6281
A66,A65,0.6281
A67,A72,0.8016
A67,A66,0.7843
A67,A63,0.7434
A67,A71,0.6507
A67,A70,0.6399
A68,A71,0.82
A68,A70,0.7642
A68,A69,0.6624
A68,A143,0.6483
A68,A73,0.6284
A69,A70,0.7165
A69,A71,0.7002
A69,A66,0.6772
A69,A63,0.6711
A69,A68,0.6624
A70,A71,0.8337
A70,A68,0.7642
A70,A73,0.743
A70,A69,0.7165
A70,A76,0.6585
A71,A70,0.8337
A71,A68,0.82
A71,A69,0.7002
A71,A73,0.6881
A71,A67,0.6507
A72,A67,0.8016
A72,A63,0.6275
A72,A66,0.6269
A72,A71,0.5895
A72,A70,0.5816
A73,A76,0.7741
A73,A70,0.743
A73,A71,0.6881
A73,A69,0.649
A73,A68,0.6284
A74,A75,0.9
A74,A441,0.4665
A74,A72,0.4175
A74,A142,0.391
A74,A77,0.3836
A75,A75,0.9
A75,A441,0.4665
A75,A72,0.4175
A75,A142,0.391
A75,A77,0.3836
A76,A73,0.7741
A76,A70,0.6585
A76,A71,0.6502
A76,A77,0.6344
A76,A78,0.6344
A77,A78,1.0
A77,A79,1.0
A77,A80,1.0
A77,A76,0.6344
A77,A142,0.5716
A78,A78,1.0
A78,A79,1.0
A78,A80,1.0
A78,A76,0.6344
A78,A142,0.5716
A79,A78,1.0
A79,A79,1.0
A79,A80,1.0
A79,A76,0.6344
A79,A142,0.5716
A80,A78,1.0
A80,A79,1.0
A80,A80,1.0
A80,A76,0.6344
A80,A142,0.5716
A81,A3,0.8946
A81,A247,0.8463
A81,A82,0.8451
A81,A246,0.8384
A81,A278,0.8311
A82,A22,0.8768
A82,A81,0.8451
A82,A475,0.8313
A82,A119,0.8071
A82,A258,0.8057
A83,A280,0.7321
A83,A360,0.6542
A83,A344,0.6532
A83,A290,0.6265
A83,A284,0.6243
A84,A381,0.5719
A84,A454,0.5436
A84,A123,0.5339
A84,A108,0.529
A84,A453,0.529
A85,A88,0.8927
A85,A86,0.8925
A85,A87,0.8912
A85,A103,0.8025
A85,A289,0.6604
A86,A85,0.8925
A86,A88,0.8915
A86,A87,0.8906
A86,A103,0.8
A86,A289,0.6571
A87,A88,0.8928
A87,A85,0.8912
A87,A86,0.8906
A87,A103,0.7991
A87,A289,0.6625
A88,A87,0.8928
A88,A85,0.8927
A88,A86,0.8915
A88,A103,0.8015
A88,A289,0.6622
A89,A90,0.938
A89,A265,0.7975
A89,A264,0.789
A89,A467,0.7832
A89,A407,0.7387
A90,A89,0.938
A90,A265,0.7894
A90,A467,0.7823
A90,A264,0.7817
A90,A326,0.7464
A91,A111,0.8195
A91,A12,0.7535
A91,A105,0.7222
A91,A1,0.7
A91,A253,0.6984
A92,A469,0.8561
A92,A324,0.855
A92,A1,0.8239
A92,A93,0.819
A92,A14,0.8051
A93,A3,0.8768
A93,A301,0.8715
A93,A246,0.8389
A93,A92,0.819
A93,A81,0.8142
A94,A117,0.7369
A94,A118,0.7271
A94,A347,0.6937
A94,A351,0.6883
A94,A349,0.6878
A95,A113,0.6644
A95,A88,0.563
A95,A85,0.5603
A95,A87,0.5598
A95,A86,0.5565
A96,A102,0.8445
A96,A361,0.8202
A96,A357,0.8103
A96,A359,0.8078
A96,A363,0.8071
A97,A100,0.9211
A97,A98,0.8725
A97,A1,0.8197
A97,A306,0.8073
A97,A31,0.8068
A98,A100,0.8737
A98,A97,0.8725
A98,A20,0.7492
A98,A99,0.7432
A98,A239,0.7426
A99,A15,0.8867
A99,A16,0.8517
A99,A10,0.844
A99,A2,0.8113
A99,A4,0.8069
A100,A97,0.9211
A100,A98,0.8737
A100,A22,0.8367
A100,A241,0.828
A100,A17,0.8217
A101,A139,0.8453
A101,A240,0.8182
A101,A238,0.8114
A101,A487,0.8029
A101,A393,0.7824
A102,A393,0.8851
A102,A96,0.8445
A102,A387,0.8113
A102,A402,0.805
A102,A391,0.803
A103,A85,0.8025
A103,A88,0.8015
A103,A86,0.8
A103,A87,0.7991
A103,A315,0.693
A104,A108,0.9045
A104,A106,0.895
A104,A109,0.8948
A104,A110,0.7953
A104,A116,0.7862
A105,A111,0.8726
A105,A91,0.7222
A105,A12,0.6928
A105,A235,0.5803
A105,A115,0.5738
A106,A108,0.9618
A106,A109,0.9553
A106,A104,0.895
A106,A110,0.8372
A106,A116,0.7869
A107,A11,0.7825
A107,A326,0.7661
A107,A320,0.7532
A107,A114,0.7505
A107,A295,0.7399
A108,A106,0.9618
A108,A109,0.9616
A108,A104,0.9045
A108,A110,0.8473
A108,A116,0.7913
A109,A108,0.9616
A109,A106,0.9553
A109,A104,0.8948
A109,A110,0.8402
A109,A116,0.7817
A110,A313,0.8908
A110,A22,0.8502
A110,A108,0.8473
A110,A109,0.8402
A110,A106,0.8372
A111,A105,0.8726
A111,A91,0.8195
A111,A12,0.7999
A111,A303,0.7351
A111,A408,0.6965
A112,A23,0.859
A112,A20,0.8561
A112,A110,0.8253
A112,A116,0.8019
A112,A59,0.7979
A113,A95,0.6644
A113,A88,0.6395
A113,A87,0.6376
A113,A85,0.6356
A113,A86,0.6313
A114,A115,0.8589
A114,A295,0.8472
A114,A22,0.8427
A114,A472,0.8401
A114,A23,0.8249
A115,A7,0.8694
A115,A114,0.8589
A115,A22,0.8152
A115,A23,0.8046
A115,A116,0.7881
A116,A321,0.8377
A116,A473,0.8295
A116,A480,0.8208
A116,A110,0.8148
A116,A408,0.8142
A117,A118,0.8656
A117,A94,0.7369
A117,A351,0.6569
A117,A347,0.656
A117,A345,0.6558
A118,A117,0.8656
A118,A94,0.7271
A118,A351,0.6548
A118,A345,0.6543
A118,A347,0.6519
A119,A475,0.8533
A119,A82,0.8071
A119,A258,0.7988
A119,A259,0.7988
A119,A17,0.7982
A120,A106,0.7741
A120,A293,0.7318
A120,A108,0.7224
A120,A104,0.7195
A120,A467,0.7194
A121,A217,0.8338
A121,A481,0.8184
A121,A310,0.7823
A121,A404,0.7733
A121,A311,0.7704
A122,A429,0.7311
A122,A965,0.68
A122,A823,0.6769
A122,A824,0.6769
A122,A825,0.6769
A123,A84,0.5339
A123,A126,0.5275
A123,A125,0.5235
A123,A124,0.5213
A123,A105,0.5209
A124,A125,0.8959
A124,A126,0.8943
A124,A358,0.5858
A124,A362,0.5858
A124,A361,0.5858
A125,A126,0.9009
A125,A124,0.8959
A125,A334,0.634
A125,A357,0.6142
A125,A378,0.5823
A126,A125,0.9009
A126,A124,0.8943
A126,A361,0.5906
A126,A358,0.5898
A126,A360,0.5878
A127,A16,0.5728
A127,A15,0.5698
A127,A2,0.5686
A127,A4,0.5679
A127,A99,0.5598
A132,A339,0.7193
A132,A333,0.7024
A132,A335,0.6969
A132,A495,0.6489
A132,A523,0.6477
A133,A134,0.9354
A133,A299,0.814
A133,A409,0.8076
A133,A341,0.8056
A133,A308,0.8051
A134,A133,0.9354
A134,A303,0.8377
A134,A55,0.8283
A134,A235,0.7962
A134,A53,0.794
A135,A136,0.7686
A135,A137,0.7447
A135,A157,0.7403
A135,A24,0.7214
A135,A9,0.6901
A136,A137,0.8972
A136,A135,0.7686
A136,A175,0.7192
A136,A172,0.716
A136,A187,0.7143
A137,A136,0.8972
A137,A110,0.7618
A137,A135,0.7447
A137,A163,0.7099
A137,A49,0.7078
A138,A139,0.7934
A138,A101,0.734
A138,A121,0.7253
A138,A238,0.7231
A138,A240,0.7214
A139,A101,0.8453
A139,A487,0.802
A139,A138,0.7934
A139,A121,0.7302
A139,A240,0.7295
A140,A141,0.9136
A140,A142,0.8224
A140,A143,0.6936
A140,A76,0.6061
A140,A73,0.5928
A141,A140,0.9136
A141,A142,0.7642
A141,A143,0.7015
A141,A73,0.5846
A141,A76,0.5675
A142,A140,0.8224
A142,A141,0.7642
A142,A76,0.5869
A142,A143,0.5863
A142,A77,0.5716
A143,A141,0.7015
A143,A140,0.6936
A143,A68,0.6483
A143,A69,0.6455
A143,A71,0.6407
A145,A146,0.9328
A145,A154,0.8962
A145,A150,0.8884
A145,A156,0.8795
A145,A152,0.8594
A146,A145,0.9328
A146,A151,0.8969
A146,A147,0.8969
A146,A149,0.8926
A146,A148,0.8917
A147,A151,0.8988
A147,A146,0.8969
A147,A149,0.8968
A147,A148,0.8936
A147,A154,0.842
A148,A151,0.8978
A148,A147,0.8936
A148,A149,0.8927
A148,A146,0.8917
A148,A154,0.8454
A149,A151,0.8986
A149,A147,0.8968
A149,A148,0.8927
A149,A146,0.8926
A149,A154,0.8429
A150,A154,0.9887
A150,A151,0.9388
A150,A145,0.8884
A150,A156,0.8846
A150,A152,0.8723
A151,A150,0.9388
A151,A154,0.932
A151,A147,0.8988
A151,A149,0.8986
A151,A148,0.8978
A152,A154,0.8728
A152,A150,0.8723
A152,A145,0.8594
A152,A156,0.8569
A152,A153,0.8427
A153,A154,0.8672
A153,A150,0.8641
A153,A145,0.8528
A153,A156,0.8513
A153,A152,0.8427
A154,A150,0.9887
A154,A151,0.932
A154,A156,0.8984
A154,A145,0.8962
A154,A152,0.8728
A155,A569,0.6143
A155,A560,0.6085
A155,A583,0.5964
A155,A564,0.5958
A155,A562,0.5932
A156,A154,0.8984
A156,A150,0.8846
A156,A145,0.8795
A156,A152,0.8569
A156,A153,0.8513
A157,A172,0.9399
A157,A175,0.9374
A157,A187,0.9368
A157,A160,0.9316
A157,A169,0.9295
A158,A193,0.9887
A158,A159,0.9769
A158,A194,0.9657
A158,A173,0.9328
A158,A176,0.9304
A159,A194,0.9882
A159,A158,0.9769
A159,A193,0.9665
A159,A174,0.9321
A159,A189,0.9295
A160,A175,0.9427
A160,A172,0.9395
A160,A187,0.9392
A160,A157,0.9316
A160,A166,0.9315
A161,A195,0.9889
A161,A162,0.9771
A161,A196,0.9661
A161,A176,0.9374
A161,A173,0.9344
A162,A196,0.9884
A162,A161,0.9771
A162,A195,0.967
A162,A177,0.9355
A162,A174,0.9327
A163,A172,0.9214
A163,A175,0.9208
A163,A187,0.9207
A163,A169,0.9144
A163,A160,0.914
A164,A165,0.9765
A164,A197,0.9757
A164,A198,0.9553
A164,A173,0.9192
A164,A188,0.9187
A165,A164,0.9765
A165,A198,0.9762
A165,A197,0.9532
A165,A174,0.9177
A165,A189,0.9173
A166,A187,0.9371
A166,A175,0.9368
A166,A172,0.9364
A166,A160,0.9315
A166,A169,0.9299
A167,A199,0.989
A167,A168,0.9772
A167,A200,0.9664
A167,A176,0.9331
A167,A188,0.933
A168,A200,0.9885
A168,A167,0.9772
A168,A199,0.9671
A168,A189,0.9317
A168,A177,0.9312
A169,A172,0.988
A169,A175,0.9877
A169,A187,0.9872
A169,A160,0.9313
A169,A184,0.9302
A170,A173,0.9909
A170,A176,0.9908
A170,A188,0.9905
A170,A201,0.988
A170,A203,0.9796
A171,A177,0.9912
A171,A189,0.9911
A171,A174,0.991
A171,A202,0.9875
A171,A210,0.9797
A172,A187,0.9974
A172,A175,0.9966
A172,A169,0.988
A172,A184,0.9424
A172,A157,0.9399
A173,A188,0.9978
A173,A176,0.9971
A173,A170,0.9909
A173,A203,0.9882
A173,A209,0.9863
A174,A189,0.9979
A174,A177,0.9972
A174,A171,0.991
A174,A204,0.9876
A174,A210,0.9858
A175,A172,0.9966
A175,A187,0.9954
A175,A169,0.9877
A175,A160,0.9427
A175,A184,0.9402
A176,A173,0.9971
A176,A188,0.9963
A176,A170,0.9908
A176,A205,0.9882
A176,A203,0.9857
A177,A174,0.9972
A177,A189,0.9965
A177,A171,0.9912
A177,A206,0.9876
A177,A204,0.9852
A178,A187,0.925
A178,A175,0.923
A178,A172,0.9228
A178,A184,0.9127
A178,A169,0.9098
A179,A180,0.9228
A179,A188,0.9192
A179,A176,0.9175
A179,A173,0.9172
A179,A209,0.9111
A180,A179,0.9228
A180,A189,0.9162
A180,A174,0.9133
A180,A177,0.9125
A180,A210,0.907
A181,A187,0.9329
A181,A172,0.9294
A181,A175,0.9274
A181,A184,0.9206
A181,A169,0.9165
A182,A183,0.9798
A182,A188,0.927
A182,A173,0.9241
A182,A176,0.9225
A182,A209,0.9178
A183,A182,0.9798
A183,A189,0.9239
A183,A174,0.9211
A183,A177,0.9195
A183,A210,0.9142
A184,A187,0.9456
A184,A172,0.9424
A184,A175,0.9402
A184,A169,0.9302
A184,A190,0.9265
A185,A207,0.9894
A185,A186,0.9778
A185,A208,0.9672
A185,A188,0.9404
A185,A173,0.9377
A186,A208,0.9889
A186,A185,0.9778
A186,A207,0.9681
A186,A189,0.9375
A186,A174,0.935
A187,A172,0.9974
A187,A175,0.9954
A187,A169,0.9872
A187,A184,0.9456
A187,A160,0.9392
A188,A173,0.9978
A188,A176,0.9963
A188,A170,0.9905
A188,A209,0.9882
A188,A203,0.9858
A189,A174,0.9979
A189,A177,0.9965
A189,A171,0.9911
A189,A210,0.9876
A189,A204,0.9854
A190,A187,0.9391
A190,A172,0.9362
A190,A175,0.934
A190,A184,0.9265
A190,A169,0.9235
A191,A211,0.9898
A191,A192,0.9789
A191,A212,0.9689
A191,A188,0.9336
A191,A173,0.9312
A192,A212,0.9894
A192,A191,0.9789
A192,A211,0.9697
A192,A189,0.9305
A192,A174,0.9282
A193,A158,0.9887
A193,A194,0.9783
A193,A159,0.9665
A193,A203,0.9367
A193,A205,0.9346
A194,A159,0.9882
A194,A193,0.9783
A194,A158,0.9657
A194,A204,0.9364
A194,A210,0.934
A195,A161,0.9889
A195,A196,0.9786
A195,A162,0.967
A195,A205,0.9415
A195,A203,0.9385
A196,A162,0.9884
A196,A195,0.9786
A196,A161,0.9661
A196,A206,0.9398
A196,A204,0.937
A197,A198,0.9785
A197,A164,0.9757
A197,A165,0.9532
A197,A203,0.9352
A197,A205,0.9351
A198,A197,0.9785
A198,A165,0.9762
A198,A164,0.9553
A198,A210,0.934
A198,A204,0.934
A199,A167,0.989
A199,A200,0.9786
A199,A168,0.9671
A199,A205,0.9375
A199,A209,0.9374
A200,A168,0.9885
A200,A199,0.9786
A200,A167,0.9664
A200,A210,0.9363
A200,A206,0.9359
A201,A205,0.9908
A201,A203,0.9908
A201,A209,0.9906
A201,A170,0.988
A201,A176,0.9787
A202,A206,0.9911
A202,A210,0.9911
A202,A204,0.9909
A202,A171,0.9875
A202,A177,0.9784
A203,A209,0.9979
A203,A205,0.9972
A203,A201,0.9908
A203,A173,0.9882
A203,A188,0.9858
A204,A210,0.998
A204,A206,0.9973
A204,A202,0.9909
A204,A174,0.9876
A204,A189,0.9854
A205,A203,0.9972
A205,A209,0.9965
A205,A201,0.9908
A205,A176,0.9882
A205,A173,0.985
A206,A204,0.9973
A206,A210,0.9966
A206,A202,0.9911
A206,A177,0.9876
A206,A174,0.9845
A207,A185,0.9894
A207,A208,0.9793
A207,A186,0.9681
A207,A209,0.9446
A207,A203,0.942
A208,A186,0.9889
A208,A207,0.9793
A208,A185,0.9672
A208,A210,0.9422
A208,A204,0.9397
A209,A203,0.9979
A209,A205,0.9965
A209,A201,0.9906
A209,A188,0.9882
A209,A173,0.9863
A210,A204,0.998
A210,A206,0.9966
A210,A202,0.9911
A210,A189,0.9876
A210,A174,0.9858
A211,A191,0.9898
A211,A212,0.9803
A211,A192,0.9697
A211,A209,0.9382
A211,A203,0.9359
A212,A192,0.9894
A212,A211,0.9803
A212,A191,0.9689
A212,A210,0.9356
A212,A204,0.9333
A213,A216,0.7819
A213,A218,0.7513
A213,A227,0.7342
A213,A229,0.719
A213,A231,0.7176
A214,A225,0.719
A214,A227,0.7163
A214,A213,0.6728
A214,A216,0.6715
A214,A229,0.6705
A215,A216,0.7301
A215,A229,0.7174
A215,A225,0.7167
A215,A231,0.7166
A215,A223,0.7163
A216,A213,0.7819
A216,A227,0.7374
A216,A215,0.7301
A216,A223,0.7236
A216,A229,0.7229
A217,A228,0.8506
A217,A121,0.8338
A217,A281,0.8299
A217,A284,0.822
A217,A482,0.8059
A218,A213,0.7513
A218,A229,0.7487
A218,A231,0.7471
A218,A232,0.745
A218,A223,0.7428
A219,A239,0.889
A219,A288,0.8832
A219,A308,0.8466
A219,A341,0.8356
A219,A299,0.8264
A220,A229,0.7609
A220,A231,0.7598
A220,A232,0.7568
A220,A223,0.7542
A220,A224,0.7485
A221,A229,0.7462
A221,A231,0.7443
A221,A232,0.743
A221,A223,0.7417
A221,A220,0.7377
A222,A226,0.8448
A222,A228,0.8435
A222,A230,0.8267
A222,A217,0.7728
A222,A338,0.7681
A223,A229,0.7647
A223,A231,0.7629
A223,A232,0.7616
A223,A224,0.7594
A223,A220,0.7542
A224,A229,0.7611
A224,A223,0.7594
A224,A231,0.7584
A224,A232,0.7572
A224,A220,0.7485
A225,A227,0.7495
A225,A214,0.719
A225,A215,0.7167
A225,A216,0.7025
A225,A213,0.7014
A226,A338,0.897
A226,A222,0.8448
A226,A228,0.843
A226,A230,0.8263
A226,A217,0.7724
A227,A225,0.7495
A227,A216,0.7374
A227,A229,0.7372
A227,A231,0.7357
A227,A213,0.7342
A228,A217,0.8506
A228,A222,0.8435
A228,A226,0.843
A228,A230,0.8373
A228,A343,0.7829
A229,A231,0.7696
A229,A232,0.768
A229,A223,0.7647
A229,A224,0.7611
A229,A220,0.7609
A230,A343,0.9202
A230,A228,0.8373
A230,A222,0.8267
A230,A226,0.8263
A230,A217,0.776
A231,A229,0.7696
A231,A232,0.765
A231,A223,0.7629
A231,A220,0.7598
A231,A224,0.7584
A232,A229,0.768
A232,A231,0.765
A232,A223,0.7616
A232,A224,0.7572
A232,A220,0.7568
A233,A295,0.9408
A233,A234,0.9302
A233,A270,0.9031
A233,A299,0.8865
A233,A243,0.8815
A234,A241,0.9312
A234,A233,0.9302
A234,A239,0.9176
A234,A295,0.8798
A234,A286,0.869
A235,A303,0.884
A235,A249,0.8814
A235,A233,0.8641
A235,A250,0.8308
A235,A299,0.8289
A236,A342,0.9
A236,A576,0.4262
A236,A372,0.2021
A236,A374,0.2003
A236,A368,0.1979
A237,A484,0.7845
A237,A11,0.7706
A237,A241,0.767
A237,A234,0.7642
A237,A239,0.7618
A238,A240,0.9162
A238,A389,0.8615
A238,A334,0.8423
A238,A343,0.8397
A238,A338,0.8376
A239,A234,0.9176
A239,A241,0.9143
A239,A219,0.889
A239,A288,0.8741
A239,A255,0.8568
A240,A238,0.9162
A240,A387,0.8533
A240,A334,0.8526
A240,A338,0.85
A240,A343,0.8482
A241,A234,0.9312
A241,A239,0.9143
A241,A258,0.896
A241,A259,0.896
A241,A17,0.8753
A242,A266,0.9822
A242,A256,0.9272
A242,A275,0.9242
A242,A245,0.924
A242,A243,0.9191
A243,A271,0.986
A243,A256,0.9312
A243,A275,0.9245
A243,A245,0.9242
A243,A270,0.9239
A244,A274,0.9038
A244,A256,0.8488
A244,A275,0.8472
A244,A245,0.8438
A244,A243,0.8433
A245,A256,0.9916
A245,A275,0.9891
A245,A243,0.9242
A245,A242,0.924
A245,A255,0.9216
A246,A3,0.8986
A246,A247,0.8781
A246,A249,0.8642
A246,A255,0.8607
A246,A278,0.8582
A247,A278,0.9873
A247,A263,0.9401
A247,A256,0.9201
A247,A245,0.9188
A247,A275,0.9175
A248,A289,0.9002
A248,A285,0.8941
A248,A323,0.822
A248,A300,0.8048
A248,A456,0.8012
A249,A250,0.9254
A249,A255,0.9056
A249,A258,0.892
A249,A259,0.892
A249,A253,0.8874
A250,A249,0.9254
A250,A256,0.9185
A250,A275,0.9179
A250,A245,0.9175
A250,A242,0.9024
A251,A349,0.6794
A251,A347,0.6524
A251,A353,0.6498
A251,A351,0.6477
A251,A922,0.6334
A252,A265,0.8943
A252,A253,0.8901
A252,A254,0.8563
A252,A264,0.8317
A252,A255,0.8164
A253,A254,0.936
A253,A255,0.9321
A253,A258,0.9193
A253,A259,0.9193
A253,A1,0.894
A254,A253,0.936
A254,A275,0.9246
A254,A256,0.9237
A254,A245,0.9162
A254,A271,0.9085
A255,A258,0.9354
A255,A259,0.9354
A255,A253,0.9321
A255,A256,0.9272
A255,A245,0.9216
A256,A275,0.995
A256,A245,0.9916
A256,A243,0.9312
A256,A271,0.9284
A256,A242,0.9272
A257,A272,0.8973
A257,A275,0.8899
A257,A256,0.8854
A257,A245,0.8785
A257,A271,0.8772
A258,A259,1.0
A258,A255,0.9354
A258,A253,0.9193
A258,A241,0.896
A258,A270,0.8922
A259,A259,1.0
A259,A255,0.9354
A259,A253,0.9193
A259,A241,0.896
A259,A270,0.8922
A260,A277,0.9422
A260,A275,0.914
A260,A256,0.9072
A260,A271,0.9006
A260,A274,0.8986
A261,A2,0.6648
A261,A258,0.6541
A261,A259,0.6541
A261,A119,0.6279
A261,A313,0.6226
A263,A278,0.9537
A263,A247,0.9401
A263,A275,0.9278
A263,A256,0.9223
A263,A245,0.9137
A264,A265,0.9367
A264,A252,0.8317
A264,A266,0.8036
A264,A89,0.789
A264,A90,0.7817
A265,A264,0.9367
A265,A252,0.8943
A265,A266,0.8458
A265,A242,0.824
A265,A270,0.8119
A266,A242,0.9822
A266,A275,0.9324
A266,A271,0.9236
A266,A256,0.9228
A266,A274,0.9212
A267,A6,0.9166
A267,A5,0.8978
A267,A255,0.8713
A267,A249,0.848
A267,A256,0.8386
A268,A275,0.9203
A268,A256,0.9134
A268,A271,0.9066
A268,A245,0.9052
A268,A266,0.9049
A269,A275,0.9178
A269,A256,0.911
A269,A271,0.9054
A269,A274,0.9035
A269,A266,0.9035
A270,A243,0.9239
A270,A271,0.9228
A270,A255,0.9059
A270,A276,0.9054
A270,A233,0.9031
A271,A243,0.986
A271,A275,0.9347
A271,A256,0.9284
A271,A266,0.9236
A271,A274,0.9229
A272,A275,0.9175
A272,A256,0.9124
A272,A245,0.905
A272,A271,0.9038
A272,A274,0.9015
A273,A272,0.8955
A273,A275,0.8877
A273,A256,0.8812
A273,A271,0.8766
A273,A274,0.8753
A274,A275,0.9322
A274,A256,0.925
A274,A271,0.9229
A274,A266,0.9212
A274,A245,0.9162
A275,A256,0.995
A275,A245,0.9891
A275,A271,0.9347
A275,A266,0.9324
A275,A274,0.9322
A276,A277,0.9354
A276,A270,0.9054
A276,A255,0.8844
A276,A260,0.8817
A276,A258,0.8738
A277,A260,0.9422
A277,A276,0.9354
A277,A275,0.9113
A277,A256,0.9041
A277,A271,0.8993
A278,A247,0.9873
A278,A263,0.9537
A278,A275,0.9309
A278,A256,0.9253
A278,A245,0.9173
A279,A284,0.8987
A279,A281,0.8977
A279,A280,0.8899
A279,A290,0.8837
A279,A383,0.8836
A280,A281,0.9014
A280,A284,0.9008
A280,A279,0.8899
A280,A290,0.8878
A280,A283,0.8795
A281,A284,0.9943
A281,A280,0.9014
A281,A290,0.9004
A281,A279,0.8977
A281,A282,0.8969
A282,A281,0.8969
A282,A284,0.8965
A282,A290,0.8814
A282,A280,0.8794
A282,A283,0.8786
A283,A284,0.8972
A283,A281,0.8959
A283,A290,0.8823
A283,A280,0.8795
A283,A282,0.8786
A284,A281,0.9943
A284,A290,0.9051
A284,A280,0.9008
A284,A279,0.8987
A284,A283,0.8972
A285,A289,0.9606
A285,A248,0.8941
A285,A323,0.8758
A285,A365,0.8571
A285,A456,0.8554
A286,A287,0.9363
A286,A292,0.9331
A286,A288,0.9163
A286,A270,0.8717
A286,A234,0.869
A287,A286,0.9363
A287,A292,0.9324
A287,A288,0.9157
A287,A321,0.8803
A287,A255,0.8181
A288,A286,0.9163
A288,A287,0.9157
A288,A292,0.9127
A288,A219,0.8832
A288,A239,0.8741
A289,A285,0.9606
A289,A248,0.9002
A289,A300,0.8896
A289,A456,0.8875
A289,A461,0.8858
A290,A284,0.9051
A290,A281,0.9004
A290,A280,0.8878
A290,A279,0.8837
A290,A283,0.8823
A291,A292,0.8533
A291,A331,0.8456
A291,A286,0.8161
A291,A287,0.812
A291,A308,0.8056
A292,A286,0.9331
A292,A287,0.9324
A292,A288,0.9127
A292,A331,0.8816
A292,A291,0.8533
A293,A295,0.9371
A293,A299,0.925
A293,A306,0.9244
A293,A308,0.9174
A293,A324,0.916
A294,A316,0.9472
A294,A309,0.934
A294,A296,0.9302
A294,A329,0.9203
A294,A307,0.9188
A295,A233,0.9408
A295,A293,0.9371
A295,A299,0.9266
A295,A306,0.9243
A295,A308,0.9197
A296,A320,0.9406
A296,A309,0.9401
A296,A294,0.9302
A296,A329,0.9225
A296,A307,0.9196
A297,A327,0.9301
A297,A299,0.9098
A297,A295,0.9032
A297,A293,0.9004
A297,A306,0.8895
A298,A309,0.9141
A298,A296,0.9105
A298,A328,0.908
A298,A294,0.9065
A298,A329,0.9007
A299,A308,0.9474
A299,A409,0.932
A299,A295,0.9266
A299,A293,0.925
A299,A408,0.924
A300,A323,0.9304
A300,A315,0.9264
A300,A289,0.8896
A300,A285,0.8545
A300,A248,0.8048
A301,A331,0.9112
A301,A409,0.8862
A301,A408,0.8822
A301,A303,0.8803
A301,A93,0.8715
A302,A332,0.9092
A302,A304,0.8867
A302,A309,0.8734
A302,A329,0.8651
A302,A296,0.8647
A303,A408,0.9253
A303,A409,0.8947
A303,A235,0.884
A303,A301,0.8803
A303,A299,0.8792
A304,A302,0.8867
A304,A309,0.8779
A304,A329,0.8713
A304,A296,0.8688
A304,A294,0.8671
A305,A311,0.907
A305,A310,0.8586
A305,A217,0.7726
A305,A121,0.7702
A305,A406,0.7678
A306,A293,0.9244
A306,A295,0.9243
A306,A299,0.9193
A306,A324,0.9163
A306,A308,0.9155
A307,A309,0.9336
A307,A329,0.9204
A307,A296,0.9196
A307,A294,0.9188
A307,A325,0.9172
A308,A299,0.9474
A308,A341,0.9336
A308,A295,0.9197
A308,A409,0.9188
A308,A293,0.9174
A309,A329,0.9807
A309,A296,0.9401
A309,A294,0.934
A309,A307,0.9336
A309,A325,0.9303
A310,A311,0.859
A310,A305,0.8586
A310,A217,0.7855
A310,A121,0.7823
A310,A240,0.7737
A311,A305,0.907
A311,A310,0.859
A311,A217,0.7746
A311,A121,0.7704
A311,A343,0.7564
A312,A320,0.9065
A312,A329,0.8833
A312,A322,0.8825
A312,A316,0.8819
A312,A319,0.8744
A313,A299,0.909
A313,A306,0.8986
A313,A295,0.8958
A313,A293,0.8938
A313,A110,0.8908
A314,A309,0.9154
A314,A307,0.9063
A314,A296,0.904
A314,A329,0.9028
A314,A330,0.9021
A315,A300,0.9264
A315,A323,0.8898
A315,A289,0.8077
A315,A285,0.8024
A315,A456,0.7814
A316,A294,0.9472
A316,A322,0.9261
A316,A319,0.9168
A316,A329,0.9085
A316,A328,0.9074
A317,A318,1.0
A317,A321,0.9261
A317,A331,0.9231
A317,A327,0.9041
A317,A306,0.9028
A318,A318,1.0
A318,A321,0.9261
A318,A331,0.9231
A318,A327,0.9041
A318,A306,0.9028
A319,A322,0.9172
A319,A316,0.9168
A319,A329,0.9008
A319,A328,0.8955
A319,A320,0.8945
A320,A296,0.9406
A320,A312,0.9065
A320,A316,0.9065
A320,A329,0.9037
A320,A322,0.9035
A321,A331,0.9341
A321,A317,0.9261
A321,A318,0.9261
A321,A327,0.9146
A321,A295,0.9138
A322,A316,0.9261
A322,A319,0.9172
A322,A329,0.9103
A322,A328,0.9045
A322,A320,0.9035
A323,A300,0.9304
A323,A315,0.8898
A323,A289,0.883
A323,A285,0.8758
A323,A248,0.822
A324,A295,0.9174
A324,A306,0.9163
A324,A293,0.916
A324,A299,0.9115
A324,A308,0.9088
A325,A309,0.9303
A325,A329,0.9181
A325,A307,0.9172
A325,A296,0.9165
A325,A294,0.9145
A326,A327,0.8811
A326,A328,0.8491
A326,A320,0.8209
A326,A298,0.8097
A326,A297,0.808
A327,A297,0.9301
A327,A321,0.9146
A327,A331,0.9116
A327,A295,0.9044
A327,A317,0.9041
A328,A298,0.908
A328,A316,0.9074
A328,A322,0.9045
A328,A319,0.8955
A328,A309,0.8894
A329,A309,0.9807
A329,A332,0.9386
A329,A330,0.9253
A329,A296,0.9225
A329,A307,0.9204
A330,A329,0.9253
A330,A332,0.9128
A330,A309,0.9074
A330,A314,0.9021
A330,A307,0.8968
A331,A321,0.9341
A331,A317,0.9231
A331,A318,0.9231
A331,A295,0.9118
A331,A327,0.9116
A332,A329,0.9386
A332,A309,0.9203
A332,A330,0.9128
A332,A302,0.9092
A332,A296,0.9085
A333,A339,0.8609
A333,A335,0.8455
A333,A521,0.7266
A333,A505,0.7036
A333,A132,0.7024
A334,A338,0.8845
A334,A343,0.8725
A334,A240,0.8526
A334,A238,0.8423
A334,A228,0.7827
A335,A333,0.8455
A335,A339,0.8441
A335,A132,0.6969
A335,A521,0.6942
A335,A486,0.6933
A336,A340,0.9
A336,A222,0.4636
A336,A228,0.4627
A336,A226,0.4626
A336,A230,0.4533
A337,A341,0.8838
A337,A297,0.8597
A337,A327,0.8535
A337,A233,0.8146
A337,A308,0.8117
A338,A226,0.897
A338,A334,0.8845
A338,A343,0.8712
A338,A240,0.85
A338,A238,0.8376
A339,A333,0.8609
A339,A335,0.8441
A339,A132,0.7193
A339,A495,0.6993
A339,A523,0.6984
A340,A340,0.9
A340,A222,0.4636
A340,A228,0.4627
A340,A226,0.4626
A340,A230,0.4533
A341,A308,0.9336
A341,A299,0.9237
A341,A337,0.8838
A341,A295,0.8781
A341,A409,0.8759
A342,A342,0.9
A342,A576,0.4262
A342,A372,0.2021
A342,A374,0.2003
A342,A368,0.1979
A343,A230,0.9202
A343,A334,0.8725
A343,A338,0.8712
A343,A240,0.8482
A343,A238,0.8397
A344,A348,0.9189
A344,A352,0.9173
A344,A350,0.9052
A344,A346,0.8821
A344,A280,0.834
A345,A355,0.9275
A345,A353,0.9144
A345,A351,0.914
A345,A349,0.9076
A345,A347,0.9055
A346,A352,0.8832
A346,A344,0.8821
A346,A348,0.881
A346,A350,0.877
A346,A281,0.7974
A347,A351,0.9225
A347,A353,0.9216
A347,A349,0.9163
A347,A345,0.9055
A347,A355,0.9021
A348,A344,0.9189
A348,A352,0.9169
A348,A350,0.9096
A348,A346,0.881
A348,A290,0.8304
A349,A353,0.9246
A349,A351,0.9228
A349,A347,0.9163
A349,A345,0.9076
A349,A355,0.9059
A350,A352,0.9113
A350,A348,0.9096
A350,A344,0.9052
A350,A346,0.877
A350,A284,0.7398
A351,A353,0.9327
A351,A349,0.9228
A351,A347,0.9225
A351,A345,0.914
A351,A355,0.9102
A352,A344,0.9173
A352,A348,0.9169
A352,A350,0.9113
A352,A346,0.8832
A352,A282,0.8441
A353,A351,0.9327
A353,A349,0.9246
A353,A347,0.9216
A353,A345,0.9144
A353,A355,0.9109
A354,A289,0.7986
A354,A456,0.798
A354,A461,0.7964
A354,A285,0.7937
A354,A450,0.7914
A355,A345,0.9275
A355,A353,0.9109
A355,A351,0.9102
A355,A349,0.9059
A355,A347,0.9021
A356,A217,0.6608
A356,A62,0.6582
A356,A61,0.6559
A356,A103,0.6133
A356,A121,0.6066
A357,A378,0.9294
A357,A361,0.9028
A357,A360,0.8949
A357,A358,0.8948
A357,A359,0.8917
A358,A380,0.928
A358,A361,0.8999
A358,A360,0.8981
A358,A357,0.8948
A358,A359,0.892
A359,A383,0.9278
A359,A361,0.8993
A359,A360,0.8928
A359,A358,0.892
A359,A357,0.8917
A360,A361,0.9022
A360,A358,0.8981
A360,A357,0.8949
A360,A359,0.8928
A360,A363,0.8795
A361,A399,0.9143
A361,A397,0.9141
A361,A357,0.9028
A361,A360,0.9022
A361,A358,0.8999
A362,A361,0.8975
A362,A363,0.8795
A362,A357,0.8789
A362,A360,0.8788
A362,A358,0.8764
A363,A361,0.8971
A363,A357,0.8829
A363,A360,0.8795
A363,A362,0.8795
A363,A358,0.8789
A364,A372,0.7457
A364,A368,0.7261
A364,A370,0.724
A364,A374,0.7221
A364,A366,0.7079
A365,A367,0.9617
A365,A369,0.9611
A365,A373,0.9573
A365,A371,0.9543
A365,A375,0.9515
A366,A372,0.7135
A366,A364,0.7079
A366,A370,0.6956
A366,A374,0.6943
A366,A368,0.6925
A367,A369,0.9977
A367,A373,0.9628
A367,A365,0.9617
A367,A375,0.9582
A367,A371,0.9579
A368,A364,0.7261
A368,A372,0.7254
A368,A374,0.7084
A368,A370,0.7053
A368,A366,0.6925
A369,A367,0.9977
A369,A373,0.9622
A369,A365,0.9611
A369,A375,0.9608
A369,A371,0.9589
A370,A372,0.7259
A370,A364,0.724
A370,A368,0.7053
A370,A374,0.704
A370,A366,0.6956
A371,A369,0.9589
A371,A367,0.9579
A371,A365,0.9543
A371,A373,0.9521
A371,A375,0.9491
A372,A364,0.7457
A372,A370,0.7259
A372,A368,0.7254
A372,A374,0.725
A372,A366,0.7135
A373,A367,0.9628
A373,A369,0.9622
A373,A365,0.9573
A373,A375,0.9533
A373,A371,0.9521
A374,A372,0.725
A374,A364,0.7221
A374,A368,0.7084
A374,A370,0.704
A374,A366,0.6943
A375,A369,0.9608
A375,A367,0.9582
A375,A373,0.9533
A375,A365,0.9515
A375,A371,0.9491
A376,A469,0.739
A376,A324,0.7295
A376,A325,0.7263
A376,A98,0.7182
A376,A304,0.7104
A377,A403,0.833
A377,A394,0.8328
A377,A382,0.832
A377,A392,0.8315
A377,A379,0.8276
A378,A357,0.9294
A378,A397,0.9263
A378,A399,0.9226
A378,A404,0.9181
A378,A380,0.9178
A379,A384,0.8472
A379,A386,0.8461
A379,A377,0.8276
A379,A394,0.8276
A379,A403,0.8276
A380,A358,0.928
A380,A397,0.9267
A380,A399,0.9207
A380,A378,0.9178
A380,A383,0.9157
A381,A98,0.7084
A381,A243,0.6821
A381,A233,0.6713
A381,A114,0.6698
A381,A270,0.6648
A382,A394,0.8324
A382,A403,0.8321
A382,A377,0.832
A382,A392,0.8316
A382,A379,0.8269
A383,A359,0.9278
A383,A399,0.9265
A383,A397,0.923
A383,A380,0.9157
A383,A378,0.9152
A384,A379,0.8472
A384,A401,0.8461
A384,A394,0.8268
A384,A403,0.8267
A384,A377,0.8267
A385,A387,0.9285
A385,A402,0.9193
A385,A393,0.9151
A385,A391,0.9143
A385,A389,0.9129
A386,A379,0.8461
A386,A403,0.8212
A386,A377,0.8212
A386,A394,0.8212
A386,A382,0.8209
A387,A385,0.9285
A387,A391,0.9269
A387,A402,0.9269
A387,A393,0.9268
A387,A389,0.9242
A388,A390,0.8391
A388,A394,0.8208
A388,A382,0.8208
A388,A403,0.8207
A388,A377,0.8205
A389,A387,0.9242
A389,A402,0.9223
A389,A385,0.9129
A389,A391,0.9124
A389,A393,0.9115
A390,A388,0.8391
A390,A403,0.8207
A390,A394,0.8207
A390,A377,0.8206
A390,A382,0.82
A391,A387,0.9269
A391,A393,0.9153
A391,A402,0.9145
A391,A385,0.9143
A391,A389,0.9124
A392,A382,0.8316
A392,A377,0.8315
A392,A394,0.8315
A392,A403,0.8314
A392,A379,0.8264
A393,A387,0.9268
A393,A402,0.916
A393,A391,0.9153
A393,A385,0.9151
A393,A389,0.9115
A394,A403,0.8329
A394,A377,0.8328
A394,A382,0.8324
A394,A392,0.8315
A394,A379,0.8276
A395,A397,0.9289
A395,A399,0.9266
A395,A404,0.9204
A395,A378,0.9158
A395,A380,0.9119
A396,A394,0.82
A396,A403,0.8199
A396,A377,0.8197
A396,A382,0.8195
A396,A392,0.8188
A397,A399,0.9951
A397,A404,0.9302
A397,A395,0.9289
A397,A380,0.9267
A397,A378,0.9263
A398,A400,0.9
A398,A403,0.8221
A398,A394,0.822
A398,A377,0.8219
A398,A382,0.8218
A399,A397,0.9951
A399,A404,0.9281
A399,A395,0.9266
A399,A383,0.9265
A399,A406,0.9259
A400,A400,0.9
A400,A403,0.8221
A400,A394,0.822
A400,A377,0.8219
A400,A382,0.8218
A401,A384,0.8461
A401,A394,0.8205
A401,A403,0.8204
A401,A377,0.8203
A401,A382,0.82
A402,A387,0.9269
A402,A389,0.9223
A402,A385,0.9193
A402,A393,0.916
A402,A391,0.9145
A403,A377,0.833
A403,A394,0.8329
A403,A382,0.8321
A403,A392,0.8314
A403,A379,0.8276
A404,A397,0.9302
A404,A399,0.9281
A404,A395,0.9204
A404,A378,0.9181
A404,A380,0.914
A405,A394,0.818
A405,A403,0.8178
A405,A382,0.8177
A405,A377,0.8176
A405,A392,0.816
A406,A399,0.9259
A406,A397,0.9208
A406,A404,0.9112
A406,A383,0.9099
A406,A395,0.9091
A407,A408,0.8615
A407,A293,0.8488
A407,A242,0.8438
A407,A303,0.8388
A407,A467,0.8373
A408,A409,0.965
A408,A303,0.9253
A408,A299,0.924
A408,A308,0.892
A408,A301,0.8822
A409,A408,0.965
A409,A299,0.932
A409,A308,0.9188
A409,A295,0.8994
A409,A293,0.8986
A410,A412,0.8952
A410,A411,0.879
A410,A257,0.7091
A410,A286,0.6674
A410,A292,0.6671
A411,A412,0.8966
A411,A410,0.879
A411,A263,0.6782
A411,A292,0.6678
A411,A286,0.6673
A412,A411,0.8966
A412,A410,0.8952
A412,A286,0.6752
A412,A266,0.6736
A412,A242,0.6734
A413,A414,0.9227
A413,A422,0.8923
A413,A424,0.8276
A413,A415,0.7686
A413,A416,0.7686
A414,A413,0.9227
A414,A422,0.9008
A414,A415,0.8489
A414,A416,0.8489
A414,A424,0.833
A415,A416,1.0
A415,A423,0.8788
A415,A420,0.8734
A415,A414,0.8489
A415,A422,0.8217
A416,A416,1.0
A416,A423,0.8788
A416,A420,0.8734
A416,A414,0.8489
A416,A422,0.8217
A417,A425,0.8026
A417,A589,0.686
A417,A616,0.6774
A417,A646,0.676
A417,A628,0.6713
A418,A419,1.0
A418,A420,0.8875
A418,A423,0.79
A418,A415,0.7639
A418,A416,0.7639
A419,A419,1.0
A419,A420,0.8875
A419,A423,0.79
A419,A415,0.7639
A419,A416,0.7639
A420,A423,0.902
A420,A418,0.8875
A420,A419,0.8875
A420,A415,0.8734
A420,A416,0.8734
A421,A600,0.5674
A421,A607,0.5588
A421,A610,0.5499
A421,A605,0.5482
A421,A957,0.5432
A422,A414,0.9008
A422,A413,0.8923
A422,A423,0.8818
A422,A415,0.8217
A422,A416,0.8217
A423,A420,0.902
A423,A422,0.8818
A423,A415,0.8788
A423,A416,0.8788
A423,A418,0.79
A424,A414,0.833
A424,A413,0.8276
A424,A422,0.8163
A424,A423,0.769
A424,A420,0.7646
A425,A417,0.8026
A425,A799,0.7034
A425,A797,0.7027
A425,A812,0.7025
A425,A807,0.7024
A426,A431,0.9962
A426,A429,0.943
A426,A427,0.9169
A426,A424,0.7186
A426,A414,0.7031
A427,A431,0.9216
A427,A426,0.9169
A427,A429,0.9081
A427,A424,0.7075
A427,A423,0.6914
A428,A430,0.924
A428,A562,0.6846
A428,A564,0.6831
A428,A566,0.679
A428,A540,0.6525
A429,A431,0.9477
A429,A426,0.943
A429,A427,0.9081
A429,A122,0.7311
A429,A424,0.7131
A430,A428,0.924
A430,A564,0.6914
A430,A562,0.6882
A430,A566,0.6861
A430,A567,0.6661
A431,A426,0.9962
A431,A429,0.9477
A431,A427,0.9216
A431,A424,0.7197
A431,A414,0.701
A432,A76,0.5042
A432,A71,0.502
A432,A73,0.4954
A432,A70,0.493
A432,A69,0.4768
A433,A436,0.924
A433,A437,0.9148
A433,A434,0.8933
A433,A435,0.8887
A433,A440,0.8592
A434,A435,0.918
A434,A436,0.8955
A434,A433,0.8933
A434,A437,0.8789
A434,A440,0.8698
A435,A434,0.918
A435,A436,0.8914
A435,A433,0.8887
A435,A437,0.8801
A435,A440,0.8717
A436,A433,0.924
A436,A437,0.9158
A436,A434,0.8955
A436,A435,0.8914
A436,A440,0.8554
A437,A436,0.9158
A437,A433,0.9148
A437,A435,0.8801
A437,A434,0.8789
A437,A440,0.8577
A438,A94,0.6435
A438,A355,0.6151
A438,A351,0.6141
A438,A349,0.6129
A438,A347,0.6097
A439,A434,0.7973
A439,A435,0.7921
A439,A437,0.7767
A439,A433,0.7729
A439,A436,0.7722
A440,A435,0.8717
A440,A434,0.8698
A440,A433,0.8592
A440,A437,0.8577
A440,A436,0.8554
A441,A45,0.474
A441,A33,0.4738
A441,A51,0.4731
A441,A48,0.4722
A441,A25,0.4717
A442,A441,0.433
A442,A4,0.3757
A442,A2,0.3743
A442,A291,0.3579
A442,A99,0.3562
A443,A444,1.0
A443,A449,0.9144
A443,A448,0.9144
A443,A446,0.9075
A443,A447,0.9075
A444,A444,1.0
A444,A449,0.9144
A444,A448,0.9144
A444,A446,0.9075
A444,A447,0.9075
A445,A443,0.9021
A445,A444,0.9021
A445,A448,0.8908
A445,A449,0.8908
A445,A447,0.8877
A446,A447,1.0
A446,A443,0.9075
A446,A444,0.9075
A446,A449,0.8996
A446,A448,0.8996
A447,A447,1.0
A447,A443,0.9075
A447,A444,0.9075
A447,A448,0.8996
A447,A449,0.8996
A448,A449,1.0
A448,A443,0.9144
A448,A444,0.9144
A448,A446,0.8996
A448,A447,0.8996
A449,A448,1.0
A449,A443,0.9144
A449,A444,0.9144
A449,A446,0.8996
A449,A447,0.8996
A450,A456,0.9583
A450,A461,0.9575
A450,A451,0.9532
A450,A452,0.9391
A450,A289,0.8485
A451,A461,0.9578
A451,A456,0.957
A451,A450,0.9532
A451,A452,0.9377
A451,A289,0.8478
A452,A456,0.9481
A452,A461,0.9479
A452,A450,0.9391
A452,A451,0.9377
A452,A289,0.8333
A453,A454,0.8135
A453,A119,0.6877
A453,A455,0.676
A453,A460,0.6725
A453,A462,0.6699
A454,A453,0.8135
A454,A250,0.7572
A454,A249,0.7433
A454,A4,0.7159
A454,A119,0.7109
A455,A457,0.8196
A455,A462,0.8183
A455,A460,0.8124
A455,A465,0.7993
A455,A463,0.7962
A456,A461,0.9985
A456,A450,0.9583
A456,A451,0.957
A456,A452,0.9481
A456,A289,0.8875
A457,A462,0.839
A457,A465,0.8253
A457,A460,0.8216
A457,A455,0.8196
A457,A463,0.8149
A458,A478,0.9608
A458,A473,0.9011
A458,A459,0.9006
A458,A477,0.8739
A458,A254,0.8651
A459,A473,0.9045
A459,A458,0.9006
A459,A477,0.877
A459,A475,0.8616
A459,A474,0.8613
A460,A462,0.8357
A460,A457,0.8216
A460,A455,0.8124
A460,A465,0.8103
A460,A463,0.8069
A461,A456,0.9985
A461,A451,0.9578
A461,A450,0.9575
A461,A452,0.9479
A461,A289,0.8858
A462,A465,0.847
A462,A457,0.839
A462,A460,0.8357
A462,A463,0.8303
A462,A455,0.8183
A463,A462,0.8303
A463,A465,0.8181
A463,A457,0.8149
A463,A460,0.8069
A463,A455,0.7962
A464,A477,0.8777
A464,A475,0.8648
A464,A474,0.864
A464,A472,0.8635
A464,A467,0.8626
A465,A462,0.847
A465,A457,0.8253
A465,A463,0.8181
A465,A460,0.8103
A465,A455,0.7993
A466,A477,0.8976
A466,A475,0.8826
A466,A474,0.8822
A466,A472,0.882
A466,A467,0.88
A467,A477,0.9207
A467,A472,0.909
A467,A475,0.9087
A467,A474,0.9039
A467,A479,0.8962
A468,A477,0.9058
A468,A475,0.8913
A468,A472,0.8906
A468,A474,0.8903
A468,A467,0.8895
A469,A477,0.9076
A469,A475,0.8931
A469,A472,0.8922
A469,A474,0.8917
A469,A467,0.8909
A470,A477,0.8787
A470,A475,0.8664
A470,A472,0.8656
A470,A474,0.8654
A470,A467,0.8642
A471,A477,0.888
A471,A475,0.8753
A471,A472,0.875
A471,A474,0.8745
A471,A467,0.8728
A472,A477,0.9222
A472,A475,0.9102
A472,A467,0.909
A472,A474,0.9055
A472,A479,0.8976
A473,A474,0.9571
A473,A459,0.9045
A473,A458,0.9011
A473,A477,0.8807
A473,A472,0.8661
A474,A473,0.9571
A474,A477,0.9215
A474,A475,0.9059
A474,A472,0.9055
A474,A467,0.9039
A475,A477,0.9229
A475,A472,0.9102
A475,A467,0.9087
A475,A474,0.9059
A475,A479,0.8984
A476,A477,0.8972
A476,A475,0.8838
A476,A474,0.8827
A476,A472,0.8826
A476,A467,0.8821
A477,A475,0.9229
A477,A472,0.9222
A477,A474,0.9215
A477,A467,0.9207
A477,A478,0.9137
A478,A458,0.9608
A478,A477,0.9137
A478,A475,0.8982
A478,A472,0.8974
A478,A474,0.8969
A479,A477,0.9136
A479,A475,0.8984
A479,A472,0.8976
A479,A474,0.8973
A479,A467,0.8962
A480,A321,0.8935
A480,A409,0.8652
A480,A474,0.8471
A480,A408,0.8349
A480,A327,0.8309
A481,A482,0.9394
A481,A121,0.8184
A481,A310,0.7566
A481,A311,0.7431
A481,A305,0.7384
A482,A481,0.9394
A482,A217,0.8059
A482,A240,0.7693
A482,A310,0.7597
A482,A284,0.7578
A483,A249,0.8586
A483,A250,0.8077
A483,A303,0.7827
A483,A246,0.7806
A483,A255,0.7739
A484,A493,0.8857
A484,A237,0.7845
A484,A11,0.7527
A484,A241,0.7286
A484,A234,0.7201
A485,A520,0.987
A485,A522,0.8426
A485,A494,0.8422
A485,A514,0.8349
A485,A489,0.8326
A486,A488,0.9197
A486,A521,0.9159
A486,A499,0.9117
A486,A531,0.9062
A486,A525,0.9054
A487,A522,0.8385
A487,A494,0.834
A487,A524,0.8222
A487,A506,0.8216
A487,A491,0.821
A488,A486,0.9197
A488,A499,0.9103
A488,A531,0.9024
A488,A523,0.9017
A488,A525,0.9017
A489,A514,0.9901
A489,A494,0.8556
A489,A522,0.8516
A489,A504,0.8443
A489,A491,0.8432
A490,A511,0.9621
A490,A515,0.9487
A490,A531,0.9262
A490,A523,0.9261
A490,A521,0.9251
A491,A524,0.9924
A491,A522,0.8578
A491,A494,0.8537
A491,A506,0.8476
A491,A489,0.8432
A492,A525,0.953
A492,A523,0.9255
A492,A531,0.9249
A492,A521,0.9232
A492,A490,0.9227
A493,A484,0.8857
A493,A13,0.8148
A493,A115,0.7847
A493,A17,0.7835
A493,A241,0.7772
A494,A522,0.9868
A494,A496,0.8618
A494,A489,0.8556
A494,A506,0.8539
A494,A491,0.8537
A495,A523,0.9477
A495,A531,0.9257
A495,A497,0.9243
A495,A525,0.9239
A495,A490,0.9228
A496,A530,0.9853
A496,A494,0.8618
A496,A522,0.8475
A496,A489,0.8337
A496,A524,0.8323
A497,A531,0.9534
A497,A523,0.9258
A497,A495,0.9243
A497,A525,0.9241
A497,A490,0.9224
A498,A522,0.7595
A498,A506,0.7548
A498,A494,0.7543
A498,A487,0.75
A498,A528,0.75
A499,A486,0.9117
A499,A488,0.9103
A499,A523,0.8952
A499,A531,0.895
A499,A525,0.8944
A500,A522,0.8354
A500,A524,0.8233
A500,A494,0.8229
A500,A516,0.8217
A500,A504,0.8214
A501,A523,0.9188
A501,A521,0.9184
A501,A531,0.9183
A501,A525,0.9182
A501,A505,0.9175
A502,A522,0.8406
A502,A494,0.8361
A502,A524,0.83
A502,A530,0.8257
A502,A514,0.8251
A503,A523,0.9216
A503,A531,0.9215
A503,A525,0.9209
A503,A521,0.9197
A503,A505,0.919
A504,A522,0.86
A504,A514,0.8493
A504,A516,0.8483
A504,A520,0.8482
A504,A489,0.8443
A505,A523,0.9253
A505,A531,0.9249
A505,A521,0.9249
A505,A525,0.9244
A505,A515,0.9232
A506,A522,0.8577
A506,A494,0.8539
A506,A491,0.8476
A506,A489,0.8426
A506,A524,0.8399
A507,A490,0.9234
A507,A523,0.9233
A507,A531,0.9232
A507,A525,0.9218
A507,A521,0.9207
A508,A522,0.8519
A508,A494,0.8383
A508,A530,0.8357
A508,A516,0.8334
A508,A524,0.8331
A509,A523,0.924
A509,A531,0.9237
A509,A525,0.9233
A509,A521,0.9229
A509,A515,0.9216
A510,A522,0.8367
A510,A494,0.8255
A510,A528,0.8244
A510,A524,0.8232
A510,A516,0.8211
A511,A490,0.9621
A511,A523,0.9221
A511,A531,0.9219
A511,A525,0.9214
A511,A521,0.9208
A512,A522,0.8344
A512,A524,0.8237
A512,A494,0.8225
A512,A516,0.8213
A512,A528,0.8213
A513,A523,0.9199
A513,A531,0.9198
A513,A525,0.9195
A513,A521,0.9192
A513,A517,0.9178
A514,A489,0.9901
A514,A522,0.8588
A514,A520,0.8523
A514,A494,0.8517
A514,A504,0.8493
A515,A490,0.9487
A515,A521,0.9257
A515,A523,0.9256
A515,A531,0.9251
A515,A525,0.9248
A516,A522,0.8606
A516,A504,0.8483
A516,A514,0.8481
A516,A494,0.8479
A516,A520,0.847
A517,A523,0.9259
A517,A525,0.9258
A517,A531,0.9257
A517,A521,0.9257
A517,A515,0.924
A518,A522,0.8445
A518,A494,0.83
A518,A524,0.8299
A518,A516,0.8295
A518,A528,0.827
A519,A531,0.9646
A519,A523,0.9269
A519,A525,0.9257
A519,A521,0.9254
A519,A517,0.9233
A520,A485,0.987
A520,A522,0.8578
A520,A514,0.8523
A520,A504,0.8482
A520,A516,0.847
A521,A523,0.9281
A521,A531,0.9276
A521,A525,0.9274
A521,A515,0.9257
A521,A517,0.9257
A522,A494,0.9868
A522,A524,0.8653
A522,A530,0.8627
A522,A516,0.8606
A522,A504,0.86
A523,A495,0.9477
A523,A531,0.9308
A523,A525,0.9297
A523,A521,0.9281
A523,A519,0.9269
A524,A491,0.9924
A524,A522,0.8653
A524,A494,0.8523
A524,A530,0.8473
A524,A516,0.8458
A525,A492,0.953
A525,A523,0.9297
A525,A531,0.9296
A525,A521,0.9274
A525,A517,0.9258
A526,A522,0.8515
A526,A494,0.8392
A526,A524,0.8367
A526,A530,0.8359
A526,A528,0.8317
A527,A523,0.9237
A527,A531,0.9237
A527,A525,0.923
A527,A521,0.9212
A527,A517,0.9197
A528,A522,0.8572
A528,A494,0.8432
A528,A524,0.8418
A528,A530,0.8387
A528,A516,0.8386
A529,A531,0.9263
A529,A523,0.9256
A529,A525,0.9245
A529,A521,0.922
A529,A495,0.9216
A530,A496,0.9853
A530,A522,0.8627
A530,A494,0.8494
A530,A524,0.8473
A530,A516,0.8408
A531,A519,0.9646
A531,A497,0.9534
A531,A523,0.9308
A531,A525,0.9296
A531,A521,0.9276
A532,A155,0.5209
A532,A117,0.5162
A532,A118,0.5067
A532,A94,0.4979
A532,A150,0.4941
A533,A534,0.8983
A533,A154,0.7399
A533,A150,0.7276
A533,A151,0.6993
A533,A156,0.6796
A534,A533,0.8983
A534,A156,0.7628
A534,A680,0.6829
A534,A819,0.6812
A534,A691,0.6804
A535,A536,0.8552
A535,A537,0.8195
A535,A539,0.8147
A535,A538,0.8122
A535,A658,0.7953
A536,A535,0.8552
A536,A537,0.8056
A536,A539,0.8047
A536,A538,0.8023
A536,A594,0.7856
A537,A539,0.873
A537,A538,0.8676
A537,A535,0.8195
A537,A536,0.8056
A537,A661,0.7793
A538,A537,0.8676
A538,A539,0.8674
A538,A535,0.8122
A538,A536,0.8023
A538,A664,0.7726
A539,A537,0.873
A539,A538,0.8674
A539,A535,0.8147
A539,A536,0.8047
A539,A666,0.7708
A540,A554,0.9453
A540,A567,0.9428
A540,A542,0.94
A540,A558,0.9394
A540,A560,0.9365
A541,A555,0.9183
A541,A568,0.9155
A541,A543,0.9095
A541,A561,0.9067
A541,A570,0.9042
A542,A567,0.9455
A542,A554,0.9449
A542,A540,0.94
A542,A558,0.9395
A542,A569,0.9366
A543,A555,0.9151
A543,A568,0.914
A543,A541,0.9095
A543,A563,0.9084
A543,A561,0.9032
A544,A545,1.0
A544,A556,0.9426
A544,A562,0.8319
A544,A564,0.8307
A544,A554,0.8282
A545,A545,1.0
A545,A556,0.9426
A545,A562,0.8319
A545,A564,0.8307
A545,A554,0.8282
A546,A624,0.9241
A546,A557,0.9196
A546,A590,0.8743
A546,A563,0.8719
A546,A565,0.8677
A547,A549,0.9424
A547,A556,0.8111
A547,A544,0.8097
A547,A545,0.8097
A547,A562,0.8058
A548,A551,0.8918
A548,A592,0.8644
A548,A557,0.8602
A548,A563,0.8513
A548,A546,0.8504
A549,A547,0.9424
A549,A556,0.8624
A549,A554,0.8488
A549,A567,0.8476
A549,A564,0.8237
A550,A605,0.889
A550,A587,0.8858
A550,A610,0.8854
A550,A600,0.8838
A550,A607,0.855
A551,A548,0.8918
A551,A552,0.8585
A551,A553,0.8585
A551,A557,0.8459
A551,A563,0.8361
A552,A553,1.0
A552,A594,0.8619
A552,A551,0.8585
A552,A592,0.8503
A552,A699,0.8123
A553,A553,1.0
A553,A594,0.8619
A553,A551,0.8585
A553,A592,0.8503
A553,A699,0.8123
A554,A567,0.9978
A554,A558,0.9522
A554,A560,0.9492
A554,A569,0.9471
A554,A540,0.9453
A555,A568,0.9971
A555,A561,0.9222
A555,A570,0.9194
A555,A541,0.9183
A555,A543,0.9151
A556,A544,0.9426
A556,A545,0.9426
A556,A554,0.8793
A556,A567,0.878
A556,A549,0.8624
A557,A546,0.9196
A557,A635,0.9151
A557,A632,0.9111
A557,A637,0.9102
A557,A555,0.9071
A558,A554,0.9522
A558,A567,0.9503
A558,A560,0.9438
A558,A569,0.9419
A558,A542,0.9395
A559,A563,0.8998
A559,A565,0.899
A559,A601,0.8797
A559,A557,0.8742
A559,A568,0.8665
A560,A569,0.9982
A560,A554,0.9492
A560,A567,0.9474
A560,A558,0.9438
A560,A540,0.9365
A561,A570,0.9975
A561,A555,0.9222
A561,A568,0.9198
A561,A541,0.9067
A561,A543,0.9032
A562,A564,0.9386
A562,A566,0.9282
A562,A542,0.888
A562,A567,0.8426
A562,A556,0.8403
A563,A565,0.9114
A563,A543,0.9084
A563,A559,0.8998
A563,A557,0.8909
A563,A606,0.8862
A564,A562,0.9386
A564,A566,0.9294
A564,A558,0.8947
A564,A567,0.843
A564,A556,0.8417
A565,A563,0.9114
A565,A559,0.899
A565,A557,0.8869
A565,A568,0.8773
A565,A608,0.8764
A566,A564,0.9294
A566,A562,0.9282
A566,A567,0.8365
A566,A554,0.8348
A566,A556,0.8323
A567,A554,0.9978
A567,A558,0.9503
A567,A569,0.9492
A567,A560,0.9474
A567,A542,0.9455
A568,A555,0.9971
A568,A570,0.9223
A568,A561,0.9198
A568,A541,0.9155
A568,A543,0.914
A569,A560,0.9982
A569,A567,0.9492
A569,A554,0.9471
A569,A558,0.9419
A569,A542,0.9366
A570,A561,0.9975
A570,A568,0.9223
A570,A555,0.9194
A570,A541,0.9042
A570,A543,0.9022
A571,A521,0.6338
A571,A505,0.633
A571,A519,0.6328
A571,A495,0.6324
A571,A490,0.6321
A572,A577,0.9483
A572,A542,0.9325
A572,A567,0.8765
A572,A554,0.876
A572,A540,0.8743
A573,A557,0.8024
A573,A546,0.7837
A573,A563,0.7668
A573,A565,0.7649
A573,A598,0.7621
A574,A575,0.7583
A574,A578,0.7565
A574,A599,0.7462
A574,A701,0.7425
A574,A709,0.742
A575,A578,0.9839
A575,A597,0.929
A575,A612,0.9206
A575,A596,0.9127
A575,A701,0.882
A576,A236,0.4262
A576,A342,0.4262
A576,A758,0.1776
A576,A821,0.1496
A576,A861,0.1451
A577,A572,0.9483
A577,A567,0.931
A577,A554,0.9291
A577,A558,0.883
A577,A569,0.8816
A578,A575,0.9839
A578,A612,0.9394
A578,A596,0.9259
A578,A597,0.9152
A578,A709,0.8985
A579,A580,0.7534
A579,A581,0.7337
A579,A583,0.7118
A579,A582,0.6898
A579,A514,0.5862
A580,A581,0.7849
A580,A583,0.769
A580,A579,0.7534
A580,A582,0.7375
A580,A494,0.6093
A581,A580,0.7849
A581,A583,0.7725
A581,A579,0.7337
A581,A582,0.7333
A581,A506,0.6164
A582,A580,0.7375
A582,A583,0.7358
A582,A581,0.7333
A582,A579,0.6898
A582,A518,0.6608
A583,A581,0.7725
A583,A580,0.769
A583,A582,0.7358
A583,A579,0.7118
A583,A528,0.622
A584,A602,0.947
A584,A586,0.9465
A584,A589,0.8327
A584,A604,0.8146
A584,A609,0.8126
A585,A693,0.9301
A585,A612,0.8961
A585,A596,0.8926
A585,A588,0.8884
A585,A603,0.8836
A586,A584,0.9465
A586,A602,0.9461
A586,A589,0.8315
A586,A604,0.8251
A586,A609,0.8102
A587,A605,0.9493
A587,A610,0.9159
A587,A600,0.9141
A587,A550,0.8858
A587,A607,0.8608
A588,A695,0.9258
A588,A612,0.8982
A588,A596,0.8913
A588,A585,0.8884
A588,A603,0.8833
A589,A584,0.8327
A589,A586,0.8315
A589,A602,0.8305
A589,A593,0.8304
A589,A595,0.8293
A590,A623,0.9399
A590,A598,0.8971
A590,A747,0.8901
A590,A696,0.8755
A590,A546,0.8743
A591,A593,0.946
A591,A595,0.9425
A591,A589,0.8278
A591,A586,0.776
A591,A584,0.7751
A592,A594,0.9035
A592,A548,0.8644
A592,A552,0.8503
A592,A553,0.8503
A592,A626,0.8077
A593,A591,0.946
A593,A595,0.9448
A593,A589,0.8304
A593,A604,0.7806
A593,A609,0.7798
A594,A592,0.9035
A594,A552,0.8619
A594,A553,0.8619
A594,A598,0.8291
A594,A612,0.8054
A595,A593,0.9448
A595,A591,0.9425
A595,A589,0.8293
A595,A586,0.7809
A595,A584,0.7804
A596,A597,0.984
A596,A612,0.9819
A596,A701,0.9474
A596,A709,0.9453
A596,A578,0.9259
A597,A596,0.984
A597,A612,0.9711
A597,A701,0.9341
A597,A709,0.9316
A597,A575,0.929
A598,A651,0.9339
A598,A634,0.9305
A598,A636,0.9246
A598,A629,0.9236
A598,A752,0.8988
A599,A574,0.7462
A599,A705,0.7013
A599,A612,0.6735
A599,A601,0.6704
A599,A585,0.67
A600,A605,0.9667
A600,A610,0.9642
A600,A587,0.9141
A600,A607,0.8982
A600,A550,0.8838
A601,A917,0.913
A601,A920,0.913
A601,A919,0.913
A601,A559,0.8797
A601,A608,0.8673
A602,A584,0.947
A602,A586,0.9461
A602,A589,0.8305
A602,A604,0.813
A602,A609,0.8114
A603,A614,0.9876
A603,A706,0.936
A603,A710,0.9347
A603,A612,0.903
A603,A596,0.8961
A604,A609,0.9413
A604,A589,0.8262
A604,A586,0.8251
A604,A584,0.8146
A604,A602,0.813
A605,A600,0.9667
A605,A610,0.9666
A605,A587,0.9493
A605,A607,0.8978
A605,A550,0.889
A606,A810,0.9281
A606,A828,0.9154
A606,A928,0.9108
A606,A929,0.9108
A606,A930,0.9108
A607,A643,0.9075
A607,A600,0.8982
A607,A605,0.8978
A607,A610,0.8969
A607,A650,0.8796
A608,A811,0.9156
A608,A707,0.9117
A608,A931,0.903
A608,A932,0.903
A608,A933,0.903
A609,A604,0.9413
A609,A589,0.8238
A609,A584,0.8126
A609,A602,0.8114
A609,A586,0.8102
A610,A605,0.9666
A610,A600,0.9642
A610,A587,0.9159
A610,A607,0.8969
A610,A550,0.8854
A611,A815,0.9389
A611,A708,0.935
A611,A942,0.9227
A611,A943,0.9227
A611,A944,0.9227
A612,A596,0.9819
A612,A597,0.9711
A612,A578,0.9394
A612,A709,0.9307
A612,A701,0.9257
A613,A612,0.896
A613,A596,0.8835
A613,A603,0.8784
A613,A614,0.8773
A613,A615,0.8745
A614,A603,0.9876
A614,A710,0.9514
A614,A706,0.9479
A614,A596,0.911
A614,A612,0.9017
A615,A612,0.8981
A615,A596,0.8851
A615,A603,0.8799
A615,A614,0.8793
A615,A597,0.8754
A616,A628,0.9122
A616,A619,0.9108
A616,A622,0.91
A616,A625,0.909
A616,A646,0.8267
A617,A651,0.8778
A617,A634,0.8694
A617,A629,0.8674
A617,A636,0.8672
A617,A618,0.8657
A618,A632,0.921
A618,A635,0.9191
A618,A637,0.9175
A618,A630,0.9147
A618,A621,0.9095
A619,A628,0.9502
A619,A622,0.9486
A619,A625,0.9483
A619,A616,0.9108
A619,A633,0.8321
A620,A634,0.9045
A620,A636,0.9004
A620,A629,0.8997
A620,A626,0.8887
A620,A623,0.8884
A621,A635,0.9249
A621,A632,0.9223
A621,A637,0.9216
A621,A630,0.9188
A621,A624,0.912
A622,A628,0.9499
A622,A619,0.9486
A622,A625,0.948
A622,A616,0.91
A622,A633,0.8319
A623,A590,0.9399
A623,A636,0.906
A623,A634,0.9019
A623,A629,0.9011
A623,A620,0.8884
A624,A637,0.9251
A624,A546,0.9241
A624,A635,0.9219
A624,A632,0.9217
A624,A630,0.919
A625,A628,0.9495
A625,A619,0.9483
A625,A622,0.948
A625,A616,0.909
A625,A633,0.8315
A626,A634,0.9015
A626,A629,0.9007
A626,A636,0.9001
A626,A620,0.8887
A626,A623,0.8883
A627,A635,0.922
A627,A632,0.9209
A627,A637,0.9207
A627,A630,0.9188
A627,A621,0.9118
A628,A619,0.9502
A628,A622,0.9499
A628,A625,0.9495
A628,A616,0.9122
A628,A633,0.8462
A629,A634,0.9927
A629,A636,0.9923
A629,A631,0.9546
A629,A651,0.9478
A629,A598,0.9236
A630,A632,0.9912
A630,A635,0.9912
A630,A637,0.9907
A630,A652,0.9765
A630,A640,0.9197
A631,A634,0.9588
A631,A636,0.9585
A631,A629,0.9546
A631,A651,0.9202
A631,A647,0.8915
A632,A635,0.9966
A632,A637,0.9958
A632,A630,0.9912
A632,A652,0.9843
A632,A640,0.9298
A633,A638,0.9558
A633,A646,0.9181
A633,A628,0.8462
A633,A619,0.8321
A633,A622,0.8319
A634,A636,0.9955
A634,A629,0.9927
A634,A631,0.9588
A634,A651,0.9512
A634,A598,0.9305
A635,A632,0.9966
A635,A637,0.9961
A635,A630,0.9912
A635,A652,0.9823
A635,A640,0.9264
A636,A634,0.9955
A636,A629,0.9923
A636,A631,0.9585
A636,A651,0.9496
A636,A598,0.9246
A637,A635,0.9961
A637,A632,0.9958
A637,A630,0.9907
A637,A652,0.9814
A637,A640,0.9256
A638,A633,0.9558
A638,A646,0.9177
A638,A628,0.8322
A638,A619,0.8315
A638,A622,0.8315
A639,A644,0.9593
A639,A634,0.9058
A639,A636,0.9046
A639,A629,0.9014
A639,A641,0.8892
A640,A645,0.9855
A640,A632,0.9298
A640,A635,0.9264
A640,A637,0.9256
A640,A630,0.9197
A641,A656,0.9611
A641,A634,0.9008
A641,A636,0.8997
A641,A629,0.8959
A641,A639,0.8892
A642,A657,0.9859
A642,A632,0.9257
A642,A635,0.9224
A642,A637,0.9217
A642,A630,0.915
A643,A650,0.9729
A643,A655,0.9684
A643,A607,0.9075
A643,A605,0.86
A643,A610,0.8598
A644,A639,0.9593
A644,A651,0.9069
A644,A656,0.8861
A644,A645,0.868
A644,A684,0.8671
A645,A640,0.9855
A645,A652,0.9261
A645,A632,0.9123
A645,A635,0.9101
A645,A637,0.9092
A646,A633,0.9181
A646,A638,0.9177
A646,A616,0.8267
A646,A628,0.803
A646,A619,0.8026
A647,A631,0.8915
A647,A740,0.8674
A647,A648,0.8565
A647,A651,0.8557
A647,A636,0.8431
A648,A632,0.9104
A648,A637,0.9081
A648,A635,0.908
A648,A630,0.9007
A648,A652,0.8994
A649,A556,0.5485
A649,A544,0.5273
A649,A545,0.5273
A649,A567,0.5248
A649,A554,0.5238
A650,A643,0.9729
A650,A655,0.9698
A650,A607,0.8796
A650,A605,0.8612
A650,A610,0.8607
A651,A634,0.9512
A651,A636,0.9496
A651,A629,0.9478
A651,A598,0.9339
A651,A631,0.9202
A652,A632,0.9843
A652,A635,0.9823
A652,A637,0.9814
A652,A630,0.9765
A652,A645,0.9261
A653,A654,0.8841
A653,A651,0.8528
A653,A634,0.8404
A653,A644,0.8403
A653,A636,0.8385
A654,A632,0.8913
A654,A635,0.8895
A654,A637,0.8885
A654,A653,0.8841
A654,A630,0.8817
A655,A650,0.9698
A655,A643,0.9684
A655,A607,0.8762
A655,A610,0.8584
A655,A605,0.8583
A656,A641,0.9611
A656,A651,0.9017
A656,A644,0.8861
A656,A755,0.8803
A656,A657,0.8677
A657,A642,0.9859
A657,A652,0.9218
A657,A632,0.9083
A657,A645,0.9073
A657,A635,0.9061
A658,A659,0.9673
A658,A689,0.8961
A658,A670,0.8937
A658,A671,0.8914
A658,A687,0.8857
A659,A658,0.9673
A659,A673,0.9033
A659,A690,0.9009
A659,A675,0.9009
A659,A668,0.9006
A660,A669,0.9485
A660,A676,0.9469
A660,A679,0.9456
A660,A686,0.9445
A660,A591,0.7515
A661,A662,0.9835
A661,A670,0.9031
A661,A671,0.9006
A661,A673,0.8935
A661,A690,0.8899
A662,A661,0.9835
A662,A673,0.911
A662,A690,0.9066
A662,A675,0.9062
A662,A668,0.9056
A663,A664,0.9512
A663,A674,0.9045
A663,A672,0.8989
A663,A667,0.8961
A663,A665,0.8859
A664,A663,0.9512
A664,A675,0.9106
A664,A673,0.906
A664,A668,0.9047
A664,A690,0.9037
A665,A666,0.9507
A665,A672,0.9008
A665,A667,0.898
A665,A674,0.898
A665,A663,0.8859
A666,A665,0.9507
A666,A673,0.9073
A666,A668,0.9059
A666,A690,0.9056
A666,A675,0.9053
A667,A672,0.9904
A667,A674,0.9889
A667,A670,0.9544
A667,A671,0.9527
A667,A668,0.9453
A668,A673,0.9922
A668,A675,0.9911
A668,A690,0.991
A668,A671,0.9787
A668,A670,0.9773
A669,A660,0.9485
A669,A676,0.9476
A669,A679,0.9464
A669,A686,0.9452
A669,A593,0.762
A670,A671,0.9985
A670,A690,0.9842
A670,A673,0.9834
A670,A675,0.9816
A670,A668,0.9773
A671,A670,0.9985
A671,A690,0.9853
A671,A673,0.9846
A671,A675,0.9827
A671,A668,0.9787
A672,A674,0.9938
A672,A667,0.9904
A672,A670,0.9579
A672,A671,0.9558
A672,A673,0.9476
A673,A690,0.9952
A673,A675,0.995
A673,A668,0.9922
A673,A671,0.9846
A673,A670,0.9834
A674,A672,0.9938
A674,A667,0.9889
A674,A670,0.9567
A674,A671,0.9544
A674,A675,0.9479
A675,A673,0.995
A675,A690,0.9937
A675,A668,0.9911
A675,A671,0.9827
A675,A670,0.9816
A676,A669,0.9476
A676,A660,0.9469
A676,A679,0.9449
A676,A686,0.9438
A676,A593,0.7519
A677,A682,0.9966
A677,A678,0.9872
A677,A683,0.985
A677,A670,0.911
A677,A671,0.9093
A678,A683,0.9969
A678,A677,0.9872
A678,A682,0.9827
A678,A690,0.9116
A678,A673,0.9108
A679,A669,0.9464
A679,A660,0.9456
A679,A676,0.9449
A679,A686,0.9426
A679,A593,0.7515
A680,A691,0.997
A680,A681,0.9872
A680,A692,0.9854
A680,A670,0.9066
A680,A671,0.905
A681,A692,0.9973
A681,A680,0.9872
A681,A691,0.9833
A681,A690,0.9077
A681,A673,0.9066
A682,A677,0.9966
A682,A683,0.9871
A682,A678,0.9827
A682,A670,0.9073
A682,A671,0.9051
A683,A678,0.9969
A683,A682,0.9871
A683,A677,0.985
A683,A690,0.9144
A683,A673,0.909
A684,A682,0.8972
A684,A677,0.8957
A684,A683,0.8908
A684,A678,0.8881
A684,A639,0.874
A685,A643,0.8173
A685,A607,0.806
A685,A605,0.798
A685,A610,0.7965
A685,A650,0.7956
A686,A669,0.9452
A686,A660,0.9445
A686,A676,0.9438
A686,A679,0.9426
A686,A591,0.7505
A687,A688,0.9724
A687,A689,0.8938
A687,A658,0.8857
A687,A670,0.8827
A687,A671,0.8811
A688,A687,0.9724
A688,A690,0.8971
A688,A673,0.8909
A688,A675,0.89
A688,A668,0.8849
A689,A670,0.9525
A689,A671,0.9509
A689,A690,0.9441
A689,A673,0.9407
A689,A675,0.9377
A690,A673,0.9952
A690,A675,0.9937
A690,A668,0.991
A690,A671,0.9853
A690,A670,0.9842
A691,A680,0.997
A691,A692,0.9871
A691,A681,0.9833
A691,A670,0.903
A691,A671,0.9009
A692,A681,0.9973
A692,A691,0.9871
A692,A680,0.9854
A692,A690,0.9102
A692,A673,0.905
A693,A585,0.9301
A693,A701,0.909
A693,A709,0.905
A693,A695,0.8974
A693,A706,0.8929
A694,A702,0.9411
A694,A721,0.6256
A694,A718,0.6248
A694,A730,0.6202
A694,A733,0.6198
A695,A588,0.9258
A695,A701,0.9051
A695,A709,0.9039
A695,A693,0.8974
A695,A706,0.8888
A696,A747,0.9222
A696,A704,0.9198
A696,A703,0.9137
A696,A698,0.913
A696,A697,0.9016
A697,A748,0.9222
A697,A703,0.9148
A697,A698,0.9139
A697,A704,0.9116
A697,A696,0.9016
A698,A703,0.9907
A698,A704,0.9895
A698,A749,0.9185
A698,A697,0.9139
A698,A696,0.913
A699,A750,0.9261
A699,A698,0.8995
A699,A703,0.8971
A699,A704,0.8958
A699,A700,0.8808
A700,A751,0.9237
A700,A698,0.9077
A700,A703,0.9069
A700,A704,0.905
A700,A697,0.8912
A701,A709,0.9967
A701,A757,0.9677
A701,A596,0.9474
A701,A597,0.9341
A701,A612,0.9257
A702,A694,0.9411
A702,A733,0.6349
A702,A730,0.6341
A702,A721,0.6289
A702,A718,0.6288
A703,A704,0.9939
A703,A698,0.9907
A703,A752,0.9188
A703,A697,0.9148
A703,A696,0.9137
A704,A703,0.9939
A704,A698,0.9895
A704,A696,0.9198
A704,A753,0.9188
A704,A752,0.9121
A705,A701,0.9118
A705,A709,0.9092
A705,A706,0.8979
A705,A710,0.8949
A705,A693,0.8896
A706,A710,0.997
A706,A614,0.9479
A706,A603,0.936
A706,A701,0.9147
A706,A709,0.9121
A707,A756,0.9629
A707,A811,0.9138
A707,A608,0.9117
A707,A931,0.8885
A707,A932,0.8885
A708,A611,0.935
A708,A815,0.9213
A708,A943,0.8989
A708,A944,0.8989
A708,A945,0.8989
A709,A701,0.9967
A709,A757,0.9726
A709,A596,0.9453
A709,A597,0.9316
A709,A612,0.9307
A710,A706,0.997
A710,A614,0.9514
A710,A603,0.9347
A710,A709,0.915
A710,A701,0.9114
A711,A713,0.8372
A711,A722,0.8288
A711,A719,0.8261
A711,A716,0.8255
A711,A659,0.6933
A712,A737,0.9005
A712,A729,0.891
A712,A732,0.8896
A712,A714,0.8886
A712,A720,0.8883
A713,A719,0.8794
A713,A722,0.8791
A713,A716,0.8704
A713,A711,0.8372
A713,A715,0.7295
A714,A729,0.9256
A714,A720,0.9237
A714,A732,0.9218
A714,A717,0.9215
A714,A725,0.8961
A715,A735,0.818
A715,A744,0.8159
A715,A728,0.8033
A715,A731,0.796
A715,A746,0.7845
A716,A722,0.8719
A716,A713,0.8704
A716,A719,0.8653
A716,A711,0.8255
A716,A731,0.7054
A717,A732,0.9261
A717,A729,0.9226
A717,A720,0.9218
A717,A714,0.9215
A717,A725,0.8954
A718,A721,0.9413
A718,A733,0.9321
A718,A730,0.9301
A718,A723,0.9295
A718,A726,0.8799
A719,A713,0.8794
A719,A722,0.8755
A719,A716,0.8653
A719,A711,0.8261
A719,A728,0.7008
A720,A729,0.924
A720,A714,0.9237
A720,A732,0.9224
A720,A717,0.9218
A720,A725,0.8968
A721,A730,0.9439
A721,A723,0.9428
A721,A718,0.9413
A721,A733,0.9409
A721,A726,0.891
A722,A713,0.8791
A722,A719,0.8755
A722,A716,0.8719
A722,A711,0.8288
A722,A728,0.7841
A723,A730,0.9554
A723,A733,0.9526
A723,A721,0.9428
A723,A718,0.9295
A723,A726,0.8845
A724,A728,0.8507
A724,A731,0.8505
A724,A727,0.8354
A724,A742,0.8323
A724,A768,0.8277
A725,A729,0.9003
A725,A732,0.8993
A725,A720,0.8968
A725,A714,0.8961
A725,A717,0.8954
A726,A721,0.891
A726,A723,0.8845
A726,A730,0.8829
A726,A733,0.8804
A726,A718,0.8799
A727,A742,0.9966
A727,A728,0.9394
A727,A731,0.9389
A727,A734,0.9119
A727,A736,0.9078
A728,A731,0.9953
A728,A727,0.9394
A728,A742,0.9364
A728,A734,0.8765
A728,A736,0.8727
A729,A732,0.9509
A729,A714,0.9256
A729,A720,0.924
A729,A717,0.9226
A729,A725,0.9003
A730,A723,0.9554
A730,A733,0.9529
A730,A721,0.9439
A730,A718,0.9301
A730,A726,0.8829
A731,A728,0.9953
A731,A727,0.9389
A731,A742,0.936
A731,A734,0.8758
A731,A736,0.8722
A732,A729,0.9509
A732,A717,0.9261
A732,A720,0.9224
A732,A714,0.9218
A732,A725,0.8993
A733,A730,0.9529
A733,A723,0.9526
A733,A721,0.9409
A733,A718,0.9321
A733,A726,0.8804
A734,A738,0.9425
A734,A727,0.9119
A734,A742,0.9091
A734,A736,0.8917
A734,A743,0.8886
A735,A744,0.9224
A735,A738,0.8341
A735,A734,0.8213
A735,A715,0.818
A735,A644,0.8142
A736,A743,0.997
A736,A727,0.9078
A736,A742,0.9052
A736,A734,0.8917
A736,A740,0.8728
A737,A712,0.9005
A737,A729,0.8862
A737,A732,0.8859
A737,A717,0.8804
A737,A720,0.8803
A738,A734,0.9425
A738,A742,0.8838
A738,A727,0.88
A738,A743,0.8665
A738,A736,0.8633
A739,A741,0.936
A739,A721,0.8151
A739,A723,0.8123
A739,A733,0.8115
A739,A730,0.8111
A740,A742,0.8941
A740,A727,0.89
A740,A743,0.876
A740,A734,0.8757
A740,A736,0.8728
A741,A739,0.936
A741,A721,0.8133
A741,A733,0.8106
A741,A723,0.8096
A741,A730,0.8089
A742,A727,0.9966
A742,A728,0.9364
A742,A731,0.936
A742,A734,0.9091
A742,A743,0.9081
A743,A736,0.997
A743,A742,0.9081
A743,A727,0.9044
A743,A734,0.8886
A743,A740,0.876
A744,A735,0.9224
A744,A755,0.8265
A744,A743,0.8248
A744,A736,0.824
A744,A656,0.8194
A745,A754,0.8503
A745,A693,0.7576
A745,A749,0.7486
A745,A698,0.7429
A745,A752,0.7414
A746,A752,0.8954
A746,A749,0.8881
A746,A753,0.8858
A746,A748,0.8814
A746,A747,0.8777
A747,A696,0.9222
A747,A753,0.896
A747,A590,0.8901
A747,A752,0.8887
A747,A749,0.8881
A748,A697,0.9222
A748,A752,0.8911
A748,A749,0.8895
A748,A753,0.8863
A748,A746,0.8814
A749,A752,0.9887
A749,A753,0.987
A749,A698,0.9185
A749,A703,0.9118
A749,A704,0.9109
A750,A699,0.9261
A750,A749,0.8757
A750,A752,0.8732
A750,A753,0.8715
A750,A751,0.856
A751,A700,0.9237
A751,A749,0.8826
A751,A752,0.8813
A751,A753,0.879
A751,A748,0.8662
A752,A753,0.9919
A752,A749,0.9887
A752,A703,0.9188
A752,A704,0.9121
A752,A698,0.9057
A753,A752,0.9919
A753,A749,0.987
A753,A704,0.9188
A753,A703,0.9116
A753,A698,0.9036
A754,A756,0.8591
A754,A745,0.8503
A754,A707,0.8295
A754,A705,0.8103
A754,A752,0.7908
A755,A752,0.8847
A755,A641,0.8829
A755,A753,0.8825
A755,A656,0.8803
A755,A706,0.8793
A756,A707,0.9629
A756,A811,0.8823
A756,A608,0.8767
A756,A754,0.8591
A756,A708,0.8568
A757,A709,0.9726
A757,A701,0.9677
A757,A596,0.9163
A757,A612,0.9051
A757,A597,0.9037
A758,A574,0.6074
A758,A759,0.5981
A758,A710,0.5859
A758,A706,0.5828
A758,A757,0.5629
A759,A710,0.9019
A759,A706,0.8973
A759,A603,0.8642
A759,A614,0.8634
A759,A757,0.8385
A760,A761,0.874
A760,A770,0.8737
A760,A766,0.8664
A760,A772,0.862
A760,A764,0.8606
A761,A771,0.9052
A761,A767,0.8937
A761,A773,0.8934
A761,A765,0.8924
A761,A763,0.8842
A762,A772,0.8731
A762,A763,0.8722
A762,A766,0.8661
A762,A770,0.8648
A762,A764,0.8556
A763,A773,0.9057
A763,A771,0.8974
A763,A767,0.894
A763,A765,0.8854
A763,A761,0.8842
A764,A765,0.8726
A764,A766,0.8693
A764,A770,0.8682
A764,A772,0.8637
A764,A760,0.8606
A765,A771,0.9001
A765,A767,0.8966
A765,A773,0.895
A765,A761,0.8924
A765,A763,0.8854
A766,A770,0.9889
A766,A772,0.988
A766,A727,0.8717
A766,A742,0.8712
A766,A764,0.8693
A767,A771,0.9894
A767,A773,0.9881
A767,A765,0.8966
A767,A763,0.894
A767,A761,0.8937
A768,A769,0.8802
A768,A766,0.8646
A768,A770,0.8611
A768,A772,0.861
A768,A764,0.8466
A769,A767,0.8912
A769,A771,0.8908
A769,A773,0.8904
A769,A768,0.8802
A769,A765,0.8749
A770,A772,0.9919
A770,A766,0.9889
A770,A727,0.8768
A770,A742,0.8756
A770,A760,0.8737
A771,A773,0.9926
A771,A767,0.9894
A771,A761,0.9052
A771,A765,0.9001
A771,A763,0.8974
A772,A770,0.9919
A772,A766,0.988
A772,A727,0.8773
A772,A742,0.8766
A772,A762,0.8731
A773,A771,0.9926
A773,A767,0.9881
A773,A763,0.9057
A773,A765,0.895
A773,A761,0.8934
A774,A976,0.7986
A774,A977,0.7731
A774,A978,0.7731
A774,A992,0.7522
A774,A984,0.7473
A775,A799,0.9211
A775,A807,0.9195
A775,A797,0.9195
A775,A777,0.9181
A775,A779,0.9179
A776,A823,0.9829
A776,A824,0.9829
A776,A825,0.9829
A776,A826,0.9829
A776,A806,0.9755
A777,A799,0.9425
A777,A797,0.9407
A777,A807,0.9403
A777,A779,0.9388
A777,A781,0.9384
A778,A833,0.9827
A778,A834,0.9827
A778,A830,0.9827
A778,A810,0.978
A778,A928,0.9756
A779,A799,0.943
A779,A803,0.9428
A779,A797,0.9409
A779,A807,0.9404
A779,A777,0.9388
A780,A804,0.9919
A780,A839,0.983
A780,A836,0.983
A780,A837,0.983
A780,A838,0.983
A781,A799,0.9422
A781,A797,0.9401
A781,A807,0.9397
A781,A779,0.9385
A781,A777,0.9384
A782,A846,0.9832
A782,A816,0.9781
A782,A946,0.9759
A782,A947,0.9759
A782,A948,0.9759
A783,A799,0.9506
A783,A797,0.9484
A783,A807,0.9316
A783,A803,0.9316
A783,A787,0.9304
A784,A794,0.9929
A784,A798,0.9926
A784,A800,0.9922
A784,A891,0.9913
A784,A850,0.9806
A785,A799,0.9304
A785,A797,0.9285
A785,A807,0.928
A785,A779,0.9268
A785,A777,0.9262
A786,A855,0.9854
A786,A856,0.9854
A786,A858,0.9854
A786,A859,0.9854
A786,A857,0.9198
A787,A783,0.9304
A787,A799,0.9244
A787,A797,0.9225
A787,A803,0.9223
A787,A807,0.9219
A788,A862,0.9844
A788,A863,0.9844
A788,A864,0.9844
A788,A820,0.9786
A788,A962,0.977
A789,A783,0.9231
A789,A799,0.9178
A789,A797,0.9159
A789,A807,0.9154
A789,A803,0.9152
A790,A867,0.9858
A790,A869,0.9858
A790,A870,0.9858
A790,A868,0.9706
A790,A784,0.8603
A791,A793,0.9076
A791,A799,0.8299
A791,A777,0.828
A791,A779,0.8278
A791,A807,0.8274
A792,A872,0.9812
A792,A874,0.9812
A792,A875,0.9812
A792,A873,0.9647
A792,A881,0.8397
A793,A791,0.9076
A793,A775,0.8093
A793,A812,0.8045
A793,A803,0.8015
A793,A799,0.7962
A794,A798,0.9967
A794,A891,0.9956
A794,A800,0.9956
A794,A784,0.9929
A794,A882,0.9814
A795,A799,0.9405
A795,A797,0.9389
A795,A807,0.9382
A795,A779,0.9366
A795,A777,0.9361
A796,A885,0.986
A796,A886,0.986
A796,A887,0.986
A796,A884,0.9144
A796,A794,0.886
A797,A799,0.961
A797,A783,0.9484
A797,A807,0.9425
A797,A779,0.9409
A797,A777,0.9407
A798,A891,0.9984
A798,A794,0.9967
A798,A800,0.9956
A798,A784,0.9926
A798,A890,0.9813
A799,A797,0.961
A799,A783,0.9506
A799,A807,0.9445
A799,A779,0.943
A799,A777,0.9425
A800,A798,0.9956
A800,A794,0.9956
A800,A891,0.994
A800,A784,0.9922
A800,A895,0.9813
A801,A799,0.9393
A801,A797,0.9376
A801,A807,0.9373
A801,A777,0.9358
A801,A779,0.9352
A802,A900,0.974
A802,A901,0.974
A802,A902,0.974
A802,A903,0.974
A802,A817,0.8735
A803,A779,0.9428
A803,A783,0.9316
A803,A799,0.9257
A803,A797,0.9238
A803,A807,0.923
A804,A780,0.9919
A804,A905,0.9836
A804,A906,0.9836
A804,A908,0.9836
A804,A836,0.9767
A805,A910,0.9763
A805,A911,0.9763
A805,A912,0.9763
A805,A817,0.8646
A805,A810,0.8496
A806,A776,0.9755
A806,A914,0.9692
A806,A915,0.9692
A806,A916,0.9692
A806,A823,0.9609
A807,A799,0.9445
A807,A797,0.9425
A807,A779,0.9404
A807,A777,0.9403
A807,A781,0.9397
A808,A918,0.9842
A808,A919,0.931
A808,A917,0.931
A808,A920,0.931
A808,A931,0.9236
A809,A925,0.9859
A809,A924,0.9744
A809,A926,0.9744
A809,A927,0.9744
A809,A817,0.8733
A810,A778,0.978
A810,A928,0.9692
A810,A929,0.9692
A810,A930,0.9692
A810,A830,0.9635
A811,A931,0.9699
A811,A932,0.9699
A811,A933,0.9699
A811,A934,0.9699
A811,A808,0.9231
A812,A799,0.9411
A812,A797,0.939
A812,A807,0.9384
A812,A779,0.9369
A812,A777,0.9363
A813,A938,0.986
A813,A937,0.9175
A813,A939,0.9175
A813,A800,0.8842
A813,A794,0.8817
A814,A799,0.9414
A814,A797,0.9395
A814,A807,0.9395
A814,A777,0.9377
A814,A779,0.9374
A815,A943,0.9731
A815,A944,0.9731
A815,A945,0.9731
A815,A942,0.9731
A815,A611,0.9389
A816,A782,0.9781
A816,A946,0.9697
A816,A947,0.9697
A816,A948,0.9697
A816,A846,0.9639
A817,A794,0.9803
A817,A798,0.9786
A817,A800,0.9777
A817,A891,0.9777
A817,A784,0.9757
A818,A954,0.9753
A818,A955,0.9753
A818,A956,0.9753
A818,A817,0.8692
A818,A810,0.8541
A819,A958,0.972
A819,A959,0.972
A819,A960,0.972
A819,A961,0.972
A819,A817,0.8853
A820,A788,0.9786
A820,A962,0.9713
A820,A963,0.9713
A820,A964,0.9713
A820,A862,0.9649
A821,A392,0.6329
A821,A382,0.628
A821,A377,0.6275
A821,A403,0.6273
A821,A394,0.6264
A822,A827,1.0
A822,A913,0.9967
A822,A953,0.9574
A822,A894,0.9565
A822,A899,0.9565
A823,A824,1.0
A823,A825,1.0
A823,A826,1.0
A823,A914,0.9901
A823,A915,0.9901
A824,A824,1.0
A824,A825,1.0
A824,A826,1.0
A824,A914,0.9901
A824,A915,0.9901
A825,A824,1.0
A825,A825,1.0
A825,A826,1.0
A825,A914,0.9901
A825,A915,0.9901
A826,A824,1.0
A826,A825,1.0
A826,A826,1.0
A826,A914,0.9901
A826,A915,0.9901
A827,A827,1.0
A827,A913,0.9967
A827,A953,0.9574
A827,A894,0.9565
A827,A899,0.9565
A828,A830,0.9861
A828,A833,0.9861
A828,A834,0.9861
A828,A928,0.9795
A828,A929,0.9795
A829,A953,0.9535
A829,A849,0.9528
A829,A894,0.9527
A829,A899,0.9527
A829,A822,0.9519
A830,A833,1.0
A830,A834,1.0
A830,A928,0.9933
A830,A929,0.9933
A830,A930,0.9933
A831,A830,0.9616
A831,A833,0.9616
A831,A834,0.9616
A831,A778,0.9537
A831,A928,0.9534
A832,A778,0.9125
A832,A830,0.9041
A832,A833,0.9041
A832,A834,0.9041
A832,A928,0.9014
A833,A833,1.0
A833,A834,1.0
A833,A928,0.9933
A833,A929,0.9933
A833,A930,0.9933
A834,A833,1.0
A834,A834,1.0
A834,A928,0.9933
A834,A929,0.9933
A834,A930,0.9933
A835,A854,0.8836
A835,A841,0.883
A835,A836,0.8758
A835,A837,0.8758
A835,A838,0.8758
A836,A837,1.0
A836,A838,1.0
A836,A839,1.0
A836,A905,0.9922
A836,A906,0.9922
A837,A837,1.0
A837,A838,1.0
A837,A839,1.0
A837,A905,0.9922
A837,A906,0.9922
A838,A837,1.0
A838,A838,1.0
A838,A839,1.0
A838,A905,0.9922
A838,A906,0.9922
A839,A837,1.0
A839,A838,1.0
A839,A839,1.0
A839,A905,0.9922
A839,A906,0.9922
A840,A904,0.997
A840,A909,0.997
A840,A899,0.9582
A840,A894,0.9582
A840,A953,0.9555
A841,A843,0.8961
A841,A845,0.8961
A841,A946,0.8916
A841,A947,0.8916
A841,A948,0.8916
A842,A847,1.0
A842,A953,0.9555
A842,A849,0.9551
A842,A899,0.9544
A842,A894,0.9544
A843,A845,1.0
A843,A846,0.9224
A843,A946,0.9187
A843,A947,0.9187
A843,A948,0.9187
A844,A846,0.9623
A844,A782,0.9546
A844,A946,0.9539
A844,A947,0.9539
A844,A948,0.9539
A845,A845,1.0
A845,A846,0.9224
A845,A946,0.9187
A845,A947,0.9187
A845,A948,0.9187
A846,A946,0.993
A846,A947,0.993
A846,A948,0.993
A846,A782,0.9832
A846,A816,0.9639
A847,A847,1.0
A847,A953,0.9555
A847,A849,0.9551
A847,A894,0.9544
A847,A899,0.9544
A848,A850,0.9978
A848,A852,0.9978
A848,A853,0.9978
A848,A882,0.9915
A848,A890,0.9909
A849,A953,0.9975
A849,A894,0.9967
A849,A899,0.9967
A849,A822,0.9562
A849,A827,0.9562
A850,A852,1.0
A850,A853,1.0
A850,A848,0.9978
A850,A882,0.9931
A850,A890,0.9927
A851,A850,0.9569
A851,A852,0.9569
A851,A853,0.9569
A851,A848,0.9549
A851,A882,0.9492
A852,A852,1.0
A852,A853,1.0
A852,A848,0.9978
A852,A882,0.9931
A852,A890,0.9927
A853,A852,1.0
A853,A853,1.0
A853,A848,0.9978
A853,A882,0.9931
A853,A890,0.9927
A854,A835,0.8836
A854,A855,0.8721
A854,A856,0.8721
A854,A858,0.8721
A854,A859,0.8721
A855,A856,1.0
A855,A858,1.0
A855,A859,1.0
A855,A786,0.9854
A855,A857,0.9139
A856,A856,1.0
A856,A858,1.0
A856,A859,1.0
A856,A786,0.9854
A856,A857,0.9139
A857,A786,0.9198
A857,A855,0.9139
A857,A856,0.9139
A857,A858,0.9139
A857,A859,0.9139
A858,A856,1.0
A858,A858,1.0
A858,A859,1.0
A858,A786,0.9854
A858,A857,0.9139
A859,A856,1.0
A859,A858,1.0
A859,A859,1.0
A859,A786,0.9854
A859,A857,0.9139
A860,A953,0.9479
A860,A849,0.9477
A860,A894,0.9473
A860,A899,0.9473
A860,A904,0.9434
A861,A922,0.9046
A861,A353,0.6209
A861,A251,0.6194
A861,A821,0.6098
A861,A117,0.6059
A862,A863,1.0
A862,A864,1.0
A862,A962,0.9928
A862,A963,0.9928
A862,A964,0.9928
A863,A863,1.0
A863,A864,1.0
A863,A962,0.9928
A863,A963,0.9928
A863,A964,0.9928
A864,A863,1.0
A864,A864,1.0
A864,A962,0.9928
A864,A963,0.9928
A864,A964,0.9928
A865,A953,0.9536
A865,A849,0.953
A865,A894,0.9527
A865,A899,0.9527
A865,A904,0.9488
A866,A871,1.0
A866,A953,0.9551
A866,A849,0.9538
A866,A894,0.9538
A866,A899,0.9538
A867,A869,1.0
A867,A870,1.0
A867,A790,0.9858
A867,A868,0.9606
A867,A882,0.8657
A868,A790,0.9706
A868,A867,0.9606
A868,A869,0.9606
A868,A870,0.9606
A868,A891,0.8831
A869,A869,1.0
A869,A870,1.0
A869,A790,0.9858
A869,A868,0.9606
A869,A882,0.8657
A870,A869,1.0
A870,A870,1.0
A870,A790,0.9858
A870,A868,0.9606
A870,A882,0.8657
A871,A871,1.0
A871,A953,0.9551
A871,A849,0.9538
A871,A894,0.9538
A871,A899,0.9538
A872,A874,1.0
A872,A875,1.0
A872,A792,0.9812
A872,A873,0.9764
A872,A881,0.8648
A873,A872,0.9764
A873,A874,0.9764
A873,A875,0.9764
A873,A792,0.9647
A873,A881,0.8458
A874,A874,1.0
A874,A875,1.0
A874,A792,0.9812
A874,A873,0.9764
A874,A881,0.8648
A875,A874,1.0
A875,A875,1.0
A875,A792,0.9812
A875,A873,0.9764
A875,A881,0.8648
A876,A878,0.9506
A876,A883,0.9506
A876,A953,0.8804
A876,A904,0.8802
A876,A909,0.8802
A877,A881,0.9443
A877,A882,0.8531
A877,A949,0.8504
A877,A950,0.8504
A877,A951,0.8504
A878,A883,1.0
A878,A876,0.9506
A878,A940,0.9265
A878,A953,0.8864
A878,A894,0.8862
A879,A880,0.9864
A879,A882,0.913
A879,A949,0.9112
A879,A950,0.9112
A879,A951,0.9112
A880,A879,0.9864
A880,A891,0.9087
A880,A794,0.9083
A880,A798,0.9062
A880,A800,0.9059
A881,A877,0.9443
A881,A882,0.8846
A881,A949,0.8819
A881,A950,0.8819
A881,A951,0.8819
A882,A949,0.9972
A882,A950,0.9972
A882,A951,0.9972
A882,A952,0.9972
A882,A890,0.9967
A883,A883,1.0
A883,A876,0.9506
A883,A940,0.9265
A883,A953,0.8864
A883,A894,0.8862
A884,A885,0.9362
A884,A886,0.9362
A884,A887,0.9362
A884,A796,0.9144
A884,A841,0.8445
A885,A886,1.0
A885,A887,1.0
A885,A796,0.986
A885,A884,0.9362
A885,A882,0.8905
A886,A886,1.0
A886,A887,1.0
A886,A796,0.986
A886,A884,0.9362
A886,A882,0.8905
A887,A886,1.0
A887,A887,1.0
A887,A796,0.986
A887,A884,0.9362
A887,A882,0.8905
A888,A953,0.9559
A888,A894,0.9547
A888,A899,0.9547
A888,A849,0.9538
A888,A822,0.952
A889,A841,0.7938
A889,A986,0.7698
A889,A835,0.7681
A889,A854,0.7608
A889,A994,0.7513
A890,A892,1.0
A890,A893,1.0
A890,A882,0.9967
A890,A949,0.9957
A890,A950,0.9957
A891,A798,0.9984
A891,A794,0.9956
A891,A800,0.994
A891,A784,0.9913
A891,A890,0.9826
A892,A892,1.0
A892,A893,1.0
A892,A882,0.9967
A892,A949,0.9957
A892,A950,0.9957
A893,A892,1.0
A893,A893,1.0
A893,A882,0.9967
A893,A949,0.9957
A893,A950,0.9957
A894,A899,1.0
A894,A953,0.9974
A894,A849,0.9967
A894,A840,0.9582
A894,A904,0.9574
A895,A896,1.0
A895,A897,1.0
A895,A898,1.0
A895,A890,0.9956
A895,A892,0.9956
A896,A896,1.0
A896,A897,1.0
A896,A898,1.0
A896,A890,0.9956
A896,A892,0.9956
A897,A896,1.0
A897,A897,1.0
A897,A898,1.0
A897,A890,0.9956
A897,A892,0.9956
A898,A896,1.0
A898,A897,1.0
A898,A898,1.0
A898,A890,0.9956
A898,A892,0.9956
A899,A899,1.0
A899,A953,0.9974
A899,A849,0.9967
A899,A840,0.9582
A899,A904,0.9574
A900,A901,1.0
A900,A902,1.0
A900,A903,1.0
A900,A802,0.974
A900,A949,0.8821
A901,A901,1.0
A901,A902,1.0
A901,A903,1.0
A901,A802,0.974
A901,A949,0.8821
A902,A901,1.0
A902,A902,1.0
A902,A903,1.0
A902,A802,0.974
A902,A949,0.8821
A903,A901,1.0
A903,A902,1.0
A903,A903,1.0
A903,A802,0.974
A903,A949,0.8821
A904,A909,1.0
A904,A840,0.997
A904,A894,0.9574
A904,A899,0.9574
A904,A953,0.9569
A905,A906,1.0
A905,A908,1.0
A905,A836,0.9922
A905,A837,0.9922
A905,A838,0.9922
A906,A906,1.0
A906,A908,1.0
A906,A836,0.9922
A906,A837,0.9922
A906,A838,0.9922
A907,A804,0.9127
A907,A905,0.9043
A907,A906,0.9043
A907,A908,0.9043
A907,A780,0.9
A908,A906,1.0
A908,A908,1.0
A908,A836,0.9922
A908,A837,0.9922
A908,A838,0.9922
A909,A909,1.0
A909,A840,0.997
A909,A894,0.9574
A909,A899,0.9574
A909,A953,0.9569
A910,A911,1.0
A910,A912,1.0
A910,A805,0.9763
A910,A949,0.8736
A910,A950,0.8736
A911,A911,1.0
A911,A912,1.0
A911,A805,0.9763
A911,A949,0.8736
A911,A950,0.8736
A912,A911,1.0
A912,A912,1.0
A912,A805,0.9763
A912,A949,0.8736
A912,A950,0.8736
A913,A822,0.9967
A913,A827,0.9967
A913,A953,0.959
A913,A894,0.9554
A913,A899,0.9554
A914,A915,1.0
A914,A916,1.0
A914,A823,0.9901
A914,A824,0.9901
A914,A825,0.9901
A915,A915,1.0
A915,A916,1.0
A915,A823,0.9901
A915,A824,0.9901
A915,A825,0.9901
A916,A915,1.0
A916,A916,1.0
A916,A823,0.9901
A916,A824,0.9901
A916,A825,0.9901
A917,A920,1.0
A917,A919,1.0
A917,A918,0.9468
A917,A808,0.931
A917,A601,0.913
A918,A808,0.9842
A918,A919,0.9468
A918,A917,0.9468
A918,A920,0.9468
A918,A931,0.9406
A919,A917,1.0
A919,A920,1.0
A919,A918,0.9468
A919,A808,0.931
A919,A601,0.913
A920,A920,1.0
A920,A919,1.0
A920,A918,0.9468
A920,A808,0.931
A920,A601,0.913
A921,A935,0.9989
A921,A953,0.9572
A921,A894,0.956
A921,A899,0.956
A921,A849,0.9553
A922,A861,0.9046
A922,A251,0.6334
A922,A353,0.6283
A922,A349,0.6276
A922,A347,0.6243
A923,A953,0.9511
A923,A894,0.9481
A923,A899,0.9481
A923,A849,0.947
A923,A913,0.9469
A924,A926,1.0
A924,A927,1.0
A924,A925,0.9881
A924,A809,0.9744
A924,A949,0.8821
A925,A924,0.9881
A925,A926,0.9881
A925,A927,0.9881
A925,A809,0.9859
A925,A794,0.8724
A926,A926,1.0
A926,A927,1.0
A926,A925,0.9881
A926,A809,0.9744
A926,A949,0.8821
A927,A926,1.0
A927,A927,1.0
A927,A925,0.9881
A927,A809,0.9744
A927,A949,0.8821
A928,A929,1.0
A928,A930,1.0
A928,A830,0.9933
A928,A833,0.9933
A928,A834,0.9933
A929,A929,1.0
A929,A930,1.0
A929,A830,0.9933
A929,A833,0.9933
A929,A834,0.9933
A930,A929,1.0
A930,A930,1.0
A930,A830,0.9933
A930,A833,0.9933
A930,A834,0.9933
A931,A932,1.0
A931,A933,1.0
A931,A934,1.0
A931,A811,0.9699
A931,A918,0.9406
A932,A932,1.0
A932,A933,1.0
A932,A934,1.0
A932,A811,0.9699
A932,A918,0.9406
A933,A932,1.0
A933,A933,1.0
A933,A934,1.0
A933,A811,0.9699
A933,A918,0.9406
A934,A932,1.0
A934,A933,1.0
A934,A934,1.0
A934,A811,0.9699
A934,A918,0.9406
A935,A921,0.9989
A935,A953,0.9585
A935,A894,0.9559
A935,A899,0.9559
A935,A849,0.9554
A936,A953,0.9481
A936,A899,0.9463
A936,A894,0.9463
A936,A849,0.9448
A936,A913,0.9445
A937,A939,1.0
A937,A938,0.9314
A937,A813,0.9175
A937,A949,0.8684
A937,A950,0.8684
A938,A813,0.986
A938,A937,0.9314
A938,A939,0.9314
A938,A895,0.8888
A938,A896,0.8888
A939,A939,1.0
A939,A938,0.9314
A939,A813,0.9175
A939,A949,0.8684
A939,A950,0.8684
A940,A894,0.9568
A940,A899,0.9568
A940,A953,0.954
A940,A849,0.9526
A940,A840,0.9515
A941,A953,0.9522
A941,A894,0.95
A941,A899,0.95
A941,A913,0.9488
A941,A849,0.9483
A942,A943,1.0
A942,A944,1.0
A942,A945,1.0
A942,A815,0.9731
A942,A611,0.9227
A943,A943,1.0
A943,A944,1.0
A943,A945,1.0
A943,A815,0.9731
A943,A611,0.9227
A944,A943,1.0
A944,A944,1.0
A944,A945,1.0
A944,A815,0.9731
A944,A611,0.9227
A945,A943,1.0
A945,A944,1.0
A945,A945,1.0
A945,A815,0.9731
A945,A611,0.9227
A946,A947,1.0
A946,A948,1.0
A946,A846,0.993
A946,A782,0.9759
A946,A816,0.9697
A947,A947,1.0
A947,A948,1.0
A947,A846,0.993
A947,A782,0.9759
A947,A816,0.9697
A948,A947,1.0
A948,A948,1.0
A948,A846,0.993
A948,A782,0.9759
A948,A816,0.9697
A949,A950,1.0
A949,A951,1.0
A949,A952,1.0
A949,A882,0.9972
A949,A890,0.9957
A950,A950,1.0
A950,A951,1.0
A950,A952,1.0
A950,A882,0.9972
A950,A890,0.9957
A951,A950,1.0
A951,A951,1.0
A951,A952,1.0
A951,A882,0.9972
A951,A890,0.9957
A952,A950,1.0
A952,A951,1.0
A952,A952,1.0
A952,A882,0.9972
A952,A890,0.9957
A953,A849,0.9975
A953,A894,0.9974
A953,A899,0.9974
A953,A913,0.959
A953,A935,0.9585
A954,A955,1.0
A954,A956,1.0
A954,A818,0.9753
A954,A949,0.8781
A954,A950,0.8781
A955,A955,1.0
A955,A956,1.0
A955,A818,0.9753
A955,A949,0.8781
A955,A950,0.8781
A956,A955,1.0
A956,A956,1.0
A956,A818,0.9753
A956,A949,0.8781
A956,A950,0.8781
A957,A953,0.9554
A957,A894,0.9531
A957,A899,0.9531
A957,A849,0.9521
A957,A913,0.9507
A958,A959,1.0
A958,A960,1.0
A958,A961,1.0
A958,A819,0.972
A958,A949,0.8939
A959,A959,1.0
A959,A960,1.0
A959,A961,1.0
A959,A819,0.972
A959,A949,0.8939
A960,A959,1.0
A960,A960,1.0
A960,A961,1.0
A960,A819,0.972
A960,A949,0.8939
A961,A959,1.0
A961,A960,1.0
A961,A961,1.0
A961,A819,0.972
A961,A949,0.8939
A962,A963,1.0
A962,A964,1.0
A962,A862,0.9928
A962,A863,0.9928
A962,A864,0.9928
A963,A963,1.0
A963,A964,1.0
A963,A862,0.9928
A963,A863,0.9928
A963,A864,0.9928
A964,A963,1.0
A964,A964,1.0
A964,A862,0.9928
A964,A863,0.9928
A964,A864,0.9928
A965,A968,0.9676
A965,A970,0.9676
A965,A967,0.9517
A965,A776,0.9387
A965,A823,0.9271
A966,A822,0.9288
A966,A827,0.9288
A966,A913,0.9285
A966,A953,0.8882
A966,A921,0.8856
A967,A968,0.9596
A967,A970,0.9596
A967,A965,0.9517
A967,A776,0.9243
A967,A823,0.9093
A968,A970,1.0
A968,A965,0.9676
A968,A967,0.9596
A968,A776,0.9293
A968,A823,0.9158
A969,A986,0.9178
A969,A994,0.8887
A969,A973,0.8767
A969,A965,0.8548
A969,A967,0.8473
A970,A970,1.0
A970,A965,0.9676
A970,A967,0.9596
A970,A776,0.9293
A970,A823,0.9158
A971,A972,0.9608
A971,A974,0.9608
A971,A778,0.9304
A971,A830,0.914
A971,A833,0.914
A972,A974,1.0
A972,A971,0.9608
A972,A778,0.9333
A972,A830,0.9181
A972,A833,0.9181
A973,A994,0.9328
A973,A986,0.883
A973,A971,0.8824
A973,A972,0.8769
A973,A974,0.8769
A974,A974,1.0
A974,A971,0.9608
A974,A778,0.9333
A974,A830,0.9181
A974,A833,0.9181
A975,A977,0.9152
A975,A978,0.9152
A975,A976,0.891
A975,A780,0.8892
A975,A804,0.8868
A976,A977,0.9595
A976,A978,0.9595
A976,A780,0.9298
A976,A804,0.9213
A976,A836,0.914
A977,A978,1.0
A977,A976,0.9595
A977,A780,0.9344
A977,A804,0.9243
A977,A839,0.9191
A978,A978,1.0
A978,A976,0.9595
A978,A780,0.9344
A978,A804,0.9243
A978,A839,0.9191
A979,A982,0.9806
A979,A981,0.9662
A979,A980,0.9621
A979,A782,0.9423
A979,A846,0.93
A980,A979,0.9621
A980,A982,0.9571
A980,A981,0.9407
A980,A782,0.9104
A980,A996,0.9025
A981,A982,0.9846
A981,A979,0.9662
A981,A980,0.9407
A981,A782,0.9339
A981,A846,0.919
A982,A981,0.9846
A982,A979,0.9806
A982,A980,0.9571
A982,A782,0.916
A982,A997,0.9064
A983,A997,0.9719
A983,A998,0.9719
A983,A985,0.9649
A983,A988,0.9649
A983,A993,0.9608
A984,A987,1.0
A984,A992,0.9924
A984,A996,0.9762
A984,A985,0.9562
A984,A988,0.9562
A985,A988,1.0
A985,A993,0.9916
A985,A995,0.9916
A985,A997,0.9756
A985,A998,0.9756
A986,A994,0.9476
A986,A969,0.9178
A986,A973,0.883
A986,A996,0.8603
A986,A997,0.8593
A987,A987,1.0
A987,A992,0.9924
A987,A996,0.9762
A987,A985,0.9562
A987,A988,0.9562
A988,A988,1.0
A988,A993,0.9916
A988,A995,0.9916
A988,A997,0.9756
A988,A998,0.9756
A989,A990,1.0
A989,A786,0.787
A989,A997,0.7833
A989,A998,0.7833
A989,A855,0.7807
A990,A990,1.0
A990,A786,0.787
A990,A997,0.7833
A990,A998,0.7833
A990,A855,0.7807
A991,A783,0.9211
A991,A799,0.9196
A991,A797,0.9174
A991,A807,0.9019
A991,A779,0.9008
A992,A984,0.9924
A992,A987,0.9924
A992,A996,0.9836
A992,A993,0.9611
A992,A995,0.9611
A993,A995,1.0
A993,A985,0.9916
A993,A988,0.9916
A993,A997,0.9831
A993,A998,0.9831
A994,A986,0.9476
A994,A973,0.9328
A994,A996,0.9
A994,A997,0.8977
A994,A998,0.8977
A995,A995,1.0
A995,A985,0.9916
A995,A988,0.9916
A995,A997,0.9831
A995,A998,0.9831
A996,A992,0.9836
A996,A984,0.9762
A996,A987,0.9762
A996,A997,0.9589
A996,A998,0.9589
A997,A998,1.0
A997,A993,0.9831
A997,A995,0.9831
A997,A985,0.9756
A997,A988,0.9756
A998,A998,1.0
A998,A993,0.9831
A998,A995,0.9831
A998,A985,0.9756
A998,A988,0.9756
